"id","name","fips_code","state_abbrev"
1,"Autauga","1001","AL"
2,"Baldwin","1003","AL"
3,"Barbour","1005","AL"
4,"Bibb","1007","AL"
5,"Blount","1009","AL"
6,"Bullock","1011","AL"
7,"Butler","1013","AL"
8,"Calhoun","1015","AL"
9,"Chambers","1017","AL"
10,"Cherokee","1019","AL"
11,"Chilton","1021","AL"
12,"Choctaw","1023","AL"
13,"Clarke","1025","AL"
14,"Clay","1027","AL"
15,"Cleburne","1029","AL"
16,"Coffee","1031","AL"
17,"Colbert","1033","AL"
18,"Conecuh","1035","AL"
19,"Covington","1039","AL"
20,"Crenshaw","1041","AL"
21,"Cullman","1043","AL"
22,"Dale","1045","AL"
23,"Dallas","1047","AL"
24,"DeKalb","1049","AL"
25,"Elmore","1051","AL"
26,"Escambia","1053","AL"
27,"Etowah","1055","AL"
28,"Fayette","1057","AL"
29,"Franklin","1059","AL"
30,"Geneva","1061","AL"
31,"Greene","1063","AL"
32,"Hale","1065","AL"
33,"Henry","1067","AL"
34,"Houston","1069","AL"
35,"Jackson","1071","AL"
36,"Jefferson","1073","AL"
37,"Lamar","1075","AL"
38,"Lauderdale","1077","AL"
39,"Lawrence","1079","AL"
40,"Lee","1081","AL"
41,"Limestone","1083","AL"
42,"Lowndes","1085","AL"
43,"Macon","1087","AL"
44,"Madison","1089","AL"
45,"Marengo","1091","AL"
46,"Marion","1093","AL"
47,"Marshall","1095","AL"
48,"Mobile","1097","AL"
49,"Monroe","1099","AL"
50,"Montgomery","1101","AL"
51,"Morgan","1103","AL"
52,"Perry","1105","AL"
53,"Pickens","1107","AL"
54,"Pike","1109","AL"
55,"Randolph","1111","AL"
56,"Russell","1113","AL"
57,"St. Clair","1115","AL"
58,"Shelby","1117","AL"
59,"Sumter","1119","AL"
60,"Talladega","1121","AL"
61,"Tallapoosa","1123","AL"
62,"Tuscaloosa","1125","AL"
63,"Walker","1127","AL"
64,"Washington","1129","AL"
65,"Wilcox","1131","AL"
66,"Winston","1133","AL"
67,"Cochise","4003","AZ"
68,"Gila","4007","AZ"
69,"Graham","4009","AZ"
70,"Greenlee","4011","AZ"
71,"La Paz","4012","AZ"
72,"Maricopa","4013","AZ"
73,"Mohave","4015","AZ"
74,"Pima","4019","AZ"
75,"Pinal","4021","AZ"
76,"Yavapai","4025","AZ"
77,"Yuma","4027","AZ"
78,"Arkansas","5001","AR"
79,"Ashley","5003","AR"
80,"Baxter","5005","AR"
81,"Benton","5007","AR"
82,"Boone","5009","AR"
83,"Bradley","5011","AR"
84,"Calhoun","5013","AR"
85,"Carroll","5015","AR"
86,"Chicot","5017","AR"
87,"Clark","5019","AR"
88,"Clay","5021","AR"
89,"Cleburne","5023","AR"
90,"Cleveland","5025","AR"
91,"Columbia","5027","AR"
92,"Conway","5029","AR"
93,"Craighead","5031","AR"
94,"Crawford","5033","AR"
95,"Crittenden","5035","AR"
96,"Cross","5037","AR"
97,"Dallas","5039","AR"
98,"Desha","5041","AR"
99,"Drew","5043","AR"
100,"Faulkner","5045","AR"
101,"Franklin","5047","AR"
102,"Fulton","5049","AR"
103,"Grant","5053","AR"
104,"Greene","5055","AR"
105,"Hempstead","5057","AR"
106,"Hot Spring","5059","AR"
107,"Howard","5061","AR"
108,"Independence","5063","AR"
109,"Izard","5065","AR"
110,"Jackson","5067","AR"
111,"Jefferson","5069","AR"
112,"Johnson","5071","AR"
113,"Lafayette","5073","AR"
114,"Lawrence","5075","AR"
115,"Lee","5077","AR"
116,"Lincoln","5079","AR"
117,"Little River","5081","AR"
118,"Logan","5083","AR"
119,"Lonoke","5085","AR"
120,"Madison","5087","AR"
121,"Marion","5089","AR"
122,"Miller","5091","AR"
123,"Mississippi","5093","AR"
124,"Monroe","5095","AR"
125,"Nevada","5099","AR"
126,"Newton","5101","AR"
127,"Ouachita","5103","AR"
128,"Perry","5105","AR"
129,"Phillips","5107","AR"
130,"Pike","5109","AR"
131,"Poinsett","5111","AR"
132,"Pope","5115","AR"
133,"Prairie","5117","AR"
134,"Pulaski","5119","AR"
135,"Randolph","5121","AR"
136,"St. Francis","5123","AR"
137,"Saline","5125","AR"
138,"Searcy","5129","AR"
139,"Sebastian","5131","AR"
140,"Sevier","5133","AR"
141,"Sharp","5135","AR"
142,"Stone","5137","AR"
143,"Union","5139","AR"
144,"Van Buren","5141","AR"
145,"Washington","5143","AR"
146,"White","5145","AR"
147,"Woodruff","5147","AR"
148,"Yell","5149","AR"
149,"Alameda","6001","CA"
150,"Alpine","6003","CA"
151,"Amador","6005","CA"
152,"Butte","6007","CA"
153,"Colusa","6011","CA"
154,"Contra Costa","6013","CA"
155,"Fresno","6019","CA"
156,"Glenn","6021","CA"
157,"Humboldt","6023","CA"
158,"Imperial","6025","CA"
159,"Kern","6029","CA"
160,"Kings","6031","CA"
161,"Lassen","6035","CA"
162,"Los Angeles","6037","CA"
163,"Madera","6039","CA"
164,"Marin","6041","CA"
165,"Merced","6047","CA"
166,"Modoc","6049","CA"
167,"Mono","6051","CA"
168,"Monterey","6053","CA"
169,"Placer","6061","CA"
170,"Plumas","6063","CA"
171,"Riverside","6065","CA"
172,"Sacramento","6067","CA"
173,"San Benito","6069","CA"
174,"San Bernardino","6071","CA"
175,"San Joaquin","6077","CA"
176,"San Luis Obispo","6079","CA"
177,"Santa Barbara","6083","CA"
178,"Santa Clara","6085","CA"
179,"Shasta","6089","CA"
180,"Sierra","6091","CA"
181,"Siskiyou","6093","CA"
182,"Solano","6095","CA"
183,"Sonoma","6097","CA"
184,"Stanislaus","6099","CA"
185,"Sutter","6101","CA"
186,"Tehama","6103","CA"
187,"Trinity","6105","CA"
188,"Tulare","6107","CA"
189,"Yolo","6113","CA"
190,"Yuba","6115","CA"
191,"Adams","8001","CO"
192,"Alamosa","8003","CO"
193,"Arapahoe","8005","CO"
194,"Archuleta","8007","CO"
195,"Baca","8009","CO"
196,"Bent","8011","CO"
197,"Boulder","8013","CO"
198,"Cheyenne","8017","CO"
199,"Conejos","8021","CO"
200,"Costilla","8023","CO"
201,"Crowley","8025","CO"
202,"Custer","8027","CO"
203,"Delta","8029","CO"
204,"Dolores","8033","CO"
205,"Douglas","8035","CO"
206,"Eagle","8037","CO"
207,"Elbert","8039","CO"
208,"El Paso","8041","CO"
209,"Fremont","8043","CO"
210,"Garfield","8045","CO"
211,"Grand","8049","CO"
212,"Huerfano","8055","CO"
213,"Jefferson","8059","CO"
214,"Kiowa","8061","CO"
215,"Kit Carson","8063","CO"
216,"La Plata","8067","CO"
217,"Larimer","8069","CO"
218,"Las Animas","8071","CO"
219,"Lincoln","8073","CO"
220,"Logan","8075","CO"
221,"Mesa","8077","CO"
222,"Moffat","8081","CO"
223,"Montezuma","8083","CO"
224,"Montrose","8085","CO"
225,"Morgan","8087","CO"
226,"Otero","8089","CO"
227,"Ouray","8091","CO"
228,"Phillips","8095","CO"
229,"Pitkin","8097","CO"
230,"Prowers","8099","CO"
231,"Pueblo","8101","CO"
232,"Rio Blanco","8103","CO"
233,"Rio Grande","8105","CO"
234,"Routt","8107","CO"
235,"Saguache","8109","CO"
236,"San Miguel","8113","CO"
237,"Sedgwick","8115","CO"
238,"Washington","8121","CO"
239,"Weld","8123","CO"
240,"Yuma","8125","CO"
241,"Fairfield","9001","CT"
242,"Hartford","9003","CT"
243,"Litchfield","9005","CT"
244,"Middlesex","9007","CT"
245,"New Haven","9009","CT"
246,"New London","9011","CT"
247,"Tolland","9013","CT"
248,"Windham","9015","CT"
249,"Kent","10001","DE"
250,"New Castle","10003","DE"
251,"Sussex","10005","DE"
252,"Alachua","12001","FL"
253,"Baker","12003","FL"
254,"Bradford","12007","FL"
255,"Brevard","12009","FL"
256,"Calhoun","12013","FL"
257,"Citrus","12017","FL"
258,"Columbia","12023","FL"
259,"DeSoto","12027","FL"
260,"Dixie","12029","FL"
261,"Duval","12031","FL"
262,"Escambia","12033","FL"
263,"Flagler","12035","FL"
264,"Gadsden","12039","FL"
265,"Gilchrist","12041","FL"
266,"Glades","12043","FL"
267,"Gulf","12045","FL"
268,"Hamilton","12047","FL"
269,"Hendry","12051","FL"
270,"Hernando","12053","FL"
271,"Highlands","12055","FL"
272,"Holmes","12059","FL"
273,"Jackson","12063","FL"
274,"Jefferson","12065","FL"
275,"Lafayette","12067","FL"
276,"Lake","12069","FL"
277,"Leon","12073","FL"
278,"Levy","12075","FL"
279,"Liberty","12077","FL"
280,"Madison","12079","FL"
281,"Manatee","12081","FL"
282,"Marion","12083","FL"
283,"Martin","12085","FL"
284,"Nassau","12089","FL"
285,"Okaloosa","12091","FL"
286,"Okeechobee","12093","FL"
287,"Osceola","12097","FL"
288,"Palm Beach","12099","FL"
289,"Pasco","12101","FL"
290,"Putnam","12107","FL"
291,"St. Johns","12109","FL"
292,"Santa Rosa","12113","FL"
293,"Sarasota","12115","FL"
294,"Sumter","12119","FL"
295,"Suwannee","12121","FL"
296,"Taylor","12123","FL"
297,"Union","12125","FL"
298,"Wakulla","12129","FL"
299,"Walton","12131","FL"
300,"Washington","12133","FL"
301,"Appling","13001","GA"
302,"Atkinson","13003","GA"
303,"Bacon","13005","GA"
304,"Baker","13007","GA"
305,"Baldwin","13009","GA"
306,"Banks","13011","GA"
307,"Barrow","13013","GA"
308,"Bartow","13015","GA"
309,"Ben Hill","13017","GA"
310,"Berrien","13019","GA"
311,"Bibb","13021","GA"
312,"Bleckley","13023","GA"
313,"Brantley","13025","GA"
314,"Brooks","13027","GA"
315,"Bryan","13029","GA"
316,"Bulloch","13031","GA"
317,"Burke","13033","GA"
318,"Butts","13035","GA"
319,"Calhoun","13037","GA"
320,"Candler","13043","GA"
321,"Carroll","13045","GA"
322,"Catoosa","13047","GA"
323,"Charlton","13049","GA"
324,"Chatham","13051","GA"
325,"Chattahoochee","13053","GA"
326,"Chattooga","13055","GA"
327,"Cherokee","13057","GA"
328,"Clarke","13059","GA"
329,"Clay","13061","GA"
330,"Clinch","13065","GA"
331,"Coffee","13069","GA"
332,"Colquitt","13071","GA"
333,"Columbia","13073","GA"
334,"Cook","13075","GA"
335,"Coweta","13077","GA"
336,"Crawford","13079","GA"
337,"Crisp","13081","GA"
338,"Dade","13083","GA"
339,"Dawson","13085","GA"
340,"Decatur","13087","GA"
341,"Dodge","13091","GA"
342,"Dooly","13093","GA"
343,"Dougherty","13095","GA"
344,"Douglas","13097","GA"
345,"Early","13099","GA"
346,"Echols","13101","GA"
347,"Effingham","13103","GA"
348,"Elbert","13105","GA"
349,"Emanuel","13107","GA"
350,"Evans","13109","GA"
351,"Fannin","13111","GA"
352,"Fayette","13113","GA"
353,"Floyd","13115","GA"
354,"Forsyth","13117","GA"
355,"Franklin","13119","GA"
356,"Gilmer","13123","GA"
357,"Glascock","13125","GA"
358,"Gordon","13129","GA"
359,"Grady","13131","GA"
360,"Greene","13133","GA"
361,"Gwinnett","13135","GA"
362,"Habersham","13137","GA"
363,"Hall","13139","GA"
364,"Hancock","13141","GA"
365,"Haralson","13143","GA"
366,"Harris","13145","GA"
367,"Hart","13147","GA"
368,"Heard","13149","GA"
369,"Henry","13151","GA"
370,"Houston","13153","GA"
371,"Irwin","13155","GA"
372,"Jackson","13157","GA"
373,"Jasper","13159","GA"
374,"Jeff Davis","13161","GA"
375,"Jefferson","13163","GA"
376,"Jenkins","13165","GA"
377,"Johnson","13167","GA"
378,"Jones","13169","GA"
379,"Lamar","13171","GA"
380,"Lanier","13173","GA"
381,"Laurens","13175","GA"
382,"Lee","13177","GA"
383,"Liberty","13179","GA"
384,"Lincoln","13181","GA"
385,"Long","13183","GA"
386,"Lowndes","13185","GA"
387,"Lumpkin","13187","GA"
388,"McDuffie","13189","GA"
389,"Macon","13193","GA"
390,"Madison","13195","GA"
391,"Marion","13197","GA"
392,"Meriwether","13199","GA"
393,"Miller","13201","GA"
394,"Mitchell","13205","GA"
395,"Monroe","13207","GA"
396,"Montgomery","13209","GA"
397,"Morgan","13211","GA"
398,"Murray","13213","GA"
399,"Newton","13217","GA"
400,"Oconee","13219","GA"
401,"Oglethorpe","13221","GA"
402,"Peach","13225","GA"
403,"Pickens","13227","GA"
404,"Pierce","13229","GA"
405,"Pike","13231","GA"
406,"Polk","13233","GA"
407,"Pulaski","13235","GA"
408,"Putnam","13237","GA"
409,"Quitman","13239","GA"
410,"Rabun","13241","GA"
411,"Randolph","13243","GA"
412,"Richmond","13245","GA"
413,"Rockdale","13247","GA"
414,"Schley","13249","GA"
415,"Screven","13251","GA"
416,"Seminole","13253","GA"
417,"Spalding","13255","GA"
418,"Stephens","13257","GA"
419,"Stewart","13259","GA"
420,"Sumter","13261","GA"
421,"Talbot","13263","GA"
422,"Taliaferro","13265","GA"
423,"Tattnall","13267","GA"
424,"Taylor","13269","GA"
425,"Telfair","13271","GA"
426,"Terrell","13273","GA"
427,"Thomas","13275","GA"
428,"Tift","13277","GA"
429,"Toombs","13279","GA"
430,"Towns","13281","GA"
431,"Treutlen","13283","GA"
432,"Troup","13285","GA"
433,"Turner","13287","GA"
434,"Twiggs","13289","GA"
435,"Union","13291","GA"
436,"Upson","13293","GA"
437,"Walker","13295","GA"
438,"Walton","13297","GA"
439,"Ware","13299","GA"
440,"Warren","13301","GA"
441,"Washington","13303","GA"
442,"Wayne","13305","GA"
443,"Webster","13307","GA"
444,"Wheeler","13309","GA"
445,"White","13311","GA"
446,"Whitfield","13313","GA"
447,"Wilcox","13315","GA"
448,"Wilkes","13317","GA"
449,"Wilkinson","13319","GA"
450,"Worth","13321","GA"
451,"Ada","16001","ID"
452,"Adams","16003","ID"
453,"Bannock","16005","ID"
454,"Bear Lake","16007","ID"
455,"Benewah","16009","ID"
456,"Bingham","16011","ID"
457,"Blaine","16013","ID"
458,"Boise","16015","ID"
459,"Bonner","16017","ID"
460,"Bonneville","16019","ID"
461,"Boundary","16021","ID"
462,"Butte","16023","ID"
463,"Camas","16025","ID"
464,"Canyon","16027","ID"
465,"Caribou","16029","ID"
466,"Cassia","16031","ID"
467,"Clark","16033","ID"
468,"Clearwater","16035","ID"
469,"Custer","16037","ID"
470,"Elmore","16039","ID"
471,"Franklin","16041","ID"
472,"Fremont","16043","ID"
473,"Gem","16045","ID"
474,"Gooding","16047","ID"
475,"Idaho","16049","ID"
476,"Jefferson","16051","ID"
477,"Jerome","16053","ID"
478,"Kootenai","16055","ID"
479,"Latah","16057","ID"
480,"Lemhi","16059","ID"
481,"Lewis","16061","ID"
482,"Lincoln","16063","ID"
483,"Madison","16065","ID"
484,"Minidoka","16067","ID"
485,"Nez Perce","16069","ID"
486,"Oneida","16071","ID"
487,"Owyhee","16073","ID"
488,"Payette","16075","ID"
489,"Power","16077","ID"
490,"Teton","16081","ID"
491,"Twin Falls","16083","ID"
492,"Valley","16085","ID"
493,"Washington","16087","ID"
494,"Adams","17001","IL"
495,"Alexander","17003","IL"
496,"Bond","17005","IL"
497,"Boone","17007","IL"
498,"Brown","17009","IL"
499,"Bureau","17011","IL"
500,"Calhoun","17013","IL"
501,"Carroll","17015","IL"
502,"Cass","17017","IL"
503,"Champaign","17019","IL"
504,"Christian","17021","IL"
505,"Clark","17023","IL"
506,"Clay","17025","IL"
507,"Clinton","17027","IL"
508,"Coles","17029","IL"
509,"Cook","17031","IL"
510,"Crawford","17033","IL"
511,"Cumberland","17035","IL"
512,"DeKalb","17037","IL"
513,"De Witt","17039","IL"
514,"Douglas","17041","IL"
515,"DuPage","17043","IL"
516,"Edgar","17045","IL"
517,"Edwards","17047","IL"
518,"Effingham","17049","IL"
519,"Fayette","17051","IL"
520,"Ford","17053","IL"
521,"Franklin","17055","IL"
522,"Fulton","17057","IL"
523,"Gallatin","17059","IL"
524,"Greene","17061","IL"
525,"Grundy","17063","IL"
526,"Hamilton","17065","IL"
527,"Hancock","17067","IL"
528,"Hardin","17069","IL"
529,"Henderson","17071","IL"
530,"Henry","17073","IL"
531,"Iroquois","17075","IL"
532,"Jackson","17077","IL"
533,"Jasper","17079","IL"
534,"Jefferson","17081","IL"
535,"Jersey","17083","IL"
536,"Jo Daviess","17085","IL"
537,"Johnson","17087","IL"
538,"Kane","17089","IL"
539,"Kankakee","17091","IL"
540,"Kendall","17093","IL"
541,"Knox","17095","IL"
542,"Lake","17097","IL"
543,"La Salle","17099","IL"
544,"Lawrence","17101","IL"
545,"Lee","17103","IL"
546,"Livingston","17105","IL"
547,"Logan","17107","IL"
548,"McDonough","17109","IL"
549,"McHenry","17111","IL"
550,"McLean","17113","IL"
551,"Macon","17115","IL"
552,"Macoupin","17117","IL"
553,"Madison","17119","IL"
554,"Marion","17121","IL"
555,"Marshall","17123","IL"
556,"Mason","17125","IL"
557,"Massac","17127","IL"
558,"Menard","17129","IL"
559,"Mercer","17131","IL"
560,"Monroe","17133","IL"
561,"Montgomery","17135","IL"
562,"Morgan","17137","IL"
563,"Moultrie","17139","IL"
564,"Ogle","17141","IL"
565,"Peoria","17143","IL"
566,"Perry","17145","IL"
567,"Piatt","17147","IL"
568,"Pike","17149","IL"
569,"Pope","17151","IL"
570,"Pulaski","17153","IL"
571,"Putnam","17155","IL"
572,"Randolph","17157","IL"
573,"Richland","17159","IL"
574,"Rock Island","17161","IL"
575,"St. Clair","17163","IL"
576,"Saline","17165","IL"
577,"Sangamon","17167","IL"
578,"Schuyler","17169","IL"
579,"Scott","17171","IL"
580,"Shelby","17173","IL"
581,"Stark","17175","IL"
582,"Stephenson","17177","IL"
583,"Tazewell","17179","IL"
584,"Union","17181","IL"
585,"Vermilion","17183","IL"
586,"Wabash","17185","IL"
587,"Warren","17187","IL"
588,"Washington","17189","IL"
589,"Wayne","17191","IL"
590,"White","17193","IL"
591,"Whiteside","17195","IL"
592,"Will","17197","IL"
593,"Williamson","17199","IL"
594,"Winnebago","17201","IL"
595,"Woodford","17203","IL"
596,"Adams","18001","IN"
597,"Allen","18003","IN"
598,"Bartholomew","18005","IN"
599,"Benton","18007","IN"
600,"Blackford","18009","IN"
601,"Boone","18011","IN"
602,"Brown","18013","IN"
603,"Carroll","18015","IN"
604,"Cass","18017","IN"
605,"Clark","18019","IN"
606,"Clay","18021","IN"
607,"Clinton","18023","IN"
608,"Crawford","18025","IN"
609,"Daviess","18027","IN"
610,"Dearborn","18029","IN"
611,"Decatur","18031","IN"
612,"De Kalb","18033","IN"
613,"Delaware","18035","IN"
614,"Dubois","18037","IN"
615,"Elkhart","18039","IN"
616,"Fayette","18041","IN"
617,"Floyd","18043","IN"
618,"Fountain","18045","IN"
619,"Franklin","18047","IN"
620,"Fulton","18049","IN"
621,"Gibson","18051","IN"
622,"Grant","18053","IN"
623,"Greene","18055","IN"
624,"Hamilton","18057","IN"
625,"Hancock","18059","IN"
626,"Harrison","18061","IN"
627,"Hendricks","18063","IN"
628,"Henry","18065","IN"
629,"Howard","18067","IN"
630,"Huntington","18069","IN"
631,"Jackson","18071","IN"
632,"Jasper","18073","IN"
633,"Jay","18075","IN"
634,"Jefferson","18077","IN"
635,"Jennings","18079","IN"
636,"Johnson","18081","IN"
637,"Knox","18083","IN"
638,"Kosciusko","18085","IN"
639,"Lagrange","18087","IN"
640,"Lake","18089","IN"
641,"La Porte","18091","IN"
642,"Lawrence","18093","IN"
643,"Madison","18095","IN"
644,"Marion","18097","IN"
645,"Marshall","18099","IN"
646,"Martin","18101","IN"
647,"Miami","18103","IN"
648,"Monroe","18105","IN"
649,"Montgomery","18107","IN"
650,"Morgan","18109","IN"
651,"Newton","18111","IN"
652,"Noble","18113","IN"
653,"Ohio","18115","IN"
654,"Orange","18117","IN"
655,"Owen","18119","IN"
656,"Parke","18121","IN"
657,"Perry","18123","IN"
658,"Pike","18125","IN"
659,"Porter","18127","IN"
660,"Posey","18129","IN"
661,"Pulaski","18131","IN"
662,"Putnam","18133","IN"
663,"Randolph","18135","IN"
664,"Ripley","18137","IN"
665,"Rush","18139","IN"
666,"St. Joseph","18141","IN"
667,"Scott","18143","IN"
668,"Shelby","18145","IN"
669,"Spencer","18147","IN"
670,"Starke","18149","IN"
671,"Steuben","18151","IN"
672,"Sullivan","18153","IN"
673,"Switzerland","18155","IN"
674,"Tippecanoe","18157","IN"
675,"Tipton","18159","IN"
676,"Union","18161","IN"
677,"Vanderburgh","18163","IN"
678,"Vermillion","18165","IN"
679,"Vigo","18167","IN"
680,"Wabash","18169","IN"
681,"Warren","18171","IN"
682,"Warrick","18173","IN"
683,"Washington","18175","IN"
684,"Wayne","18177","IN"
685,"Wells","18179","IN"
686,"White","18181","IN"
687,"Whitley","18183","IN"
688,"Adair","19001","IA"
689,"Adams","19003","IA"
690,"Allamakee","19005","IA"
691,"Appanoose","19007","IA"
692,"Audubon","19009","IA"
693,"Benton","19011","IA"
694,"Black Hawk","19013","IA"
695,"Boone","19015","IA"
696,"Bremer","19017","IA"
697,"Buchanan","19019","IA"
698,"Buena Vista","19021","IA"
699,"Butler","19023","IA"
700,"Calhoun","19025","IA"
701,"Carroll","19027","IA"
702,"Cass","19029","IA"
703,"Cedar","19031","IA"
704,"Cerro Gordo","19033","IA"
705,"Cherokee","19035","IA"
706,"Chickasaw","19037","IA"
707,"Clarke","19039","IA"
708,"Clay","19041","IA"
709,"Clayton","19043","IA"
710,"Clinton","19045","IA"
711,"Crawford","19047","IA"
712,"Dallas","19049","IA"
713,"Davis","19051","IA"
714,"Decatur","19053","IA"
715,"Delaware","19055","IA"
716,"Des Moines","19057","IA"
717,"Dickinson","19059","IA"
718,"Dubuque","19061","IA"
719,"Emmet","19063","IA"
720,"Fayette","19065","IA"
721,"Floyd","19067","IA"
722,"Franklin","19069","IA"
723,"Fremont","19071","IA"
724,"Greene","19073","IA"
725,"Grundy","19075","IA"
726,"Guthrie","19077","IA"
727,"Hamilton","19079","IA"
728,"Hancock","19081","IA"
729,"Hardin","19083","IA"
730,"Harrison","19085","IA"
731,"Henry","19087","IA"
732,"Howard","19089","IA"
733,"Humboldt","19091","IA"
734,"Ida","19093","IA"
735,"Iowa","19095","IA"
736,"Jackson","19097","IA"
737,"Jasper","19099","IA"
738,"Jefferson","19101","IA"
739,"Johnson","19103","IA"
740,"Jones","19105","IA"
741,"Keokuk","19107","IA"
742,"Kossuth","19109","IA"
743,"Lee","19111","IA"
744,"Linn","19113","IA"
745,"Louisa","19115","IA"
746,"Lucas","19117","IA"
747,"Lyon","19119","IA"
748,"Madison","19121","IA"
749,"Mahaska","19123","IA"
750,"Marion","19125","IA"
751,"Marshall","19127","IA"
752,"Mills","19129","IA"
753,"Mitchell","19131","IA"
754,"Monona","19133","IA"
755,"Monroe","19135","IA"
756,"Montgomery","19137","IA"
757,"Muscatine","19139","IA"
758,"O'Brien","19141","IA"
759,"Osceola","19143","IA"
760,"Page","19145","IA"
761,"Palo Alto","19147","IA"
762,"Plymouth","19149","IA"
763,"Pocahontas","19151","IA"
764,"Polk","19153","IA"
765,"Pottawattamie","19155","IA"
766,"Poweshiek","19157","IA"
767,"Ringgold","19159","IA"
768,"Sac","19161","IA"
769,"Scott","19163","IA"
770,"Shelby","19165","IA"
771,"Sioux","19167","IA"
772,"Story","19169","IA"
773,"Tama","19171","IA"
774,"Taylor","19173","IA"
775,"Union","19175","IA"
776,"Van Buren","19177","IA"
777,"Wapello","19179","IA"
778,"Warren","19181","IA"
779,"Washington","19183","IA"
780,"Wayne","19185","IA"
781,"Webster","19187","IA"
782,"Winnebago","19189","IA"
783,"Winneshiek","19191","IA"
784,"Woodbury","19193","IA"
785,"Worth","19195","IA"
786,"Wright","19197","IA"
787,"Allen","20001","KS"
788,"Anderson","20003","KS"
789,"Atchison","20005","KS"
790,"Barber","20007","KS"
791,"Barton","20009","KS"
792,"Bourbon","20011","KS"
793,"Brown","20013","KS"
794,"Butler","20015","KS"
795,"Chase","20017","KS"
796,"Chautauqua","20019","KS"
797,"Cherokee","20021","KS"
798,"Cheyenne","20023","KS"
799,"Clark","20025","KS"
800,"Clay","20027","KS"
801,"Cloud","20029","KS"
802,"Coffey","20031","KS"
803,"Comanche","20033","KS"
804,"Cowley","20035","KS"
805,"Crawford","20037","KS"
806,"Decatur","20039","KS"
807,"Dickinson","20041","KS"
808,"Doniphan","20043","KS"
809,"Douglas","20045","KS"
810,"Edwards","20047","KS"
811,"Elk","20049","KS"
812,"Ellis","20051","KS"
813,"Ellsworth","20053","KS"
814,"Finney","20055","KS"
815,"Ford","20057","KS"
816,"Franklin","20059","KS"
817,"Geary","20061","KS"
818,"Gove","20063","KS"
819,"Graham","20065","KS"
820,"Grant","20067","KS"
821,"Gray","20069","KS"
822,"Greeley","20071","KS"
823,"Greenwood","20073","KS"
824,"Hamilton","20075","KS"
825,"Harper","20077","KS"
826,"Harvey","20079","KS"
827,"Haskell","20081","KS"
828,"Hodgeman","20083","KS"
829,"Jackson","20085","KS"
830,"Jefferson","20087","KS"
831,"Jewell","20089","KS"
832,"Johnson","20091","KS"
833,"Kearny","20093","KS"
834,"Kingman","20095","KS"
835,"Kiowa","20097","KS"
836,"Labette","20099","KS"
837,"Lane","20101","KS"
838,"Leavenworth","20103","KS"
839,"Lincoln","20105","KS"
840,"Linn","20107","KS"
841,"Logan","20109","KS"
842,"Lyon","20111","KS"
843,"McPherson","20113","KS"
844,"Marion","20115","KS"
845,"Marshall","20117","KS"
846,"Meade","20119","KS"
847,"Miami","20121","KS"
848,"Mitchell","20123","KS"
849,"Montgomery","20125","KS"
850,"Morris","20127","KS"
851,"Morton","20129","KS"
852,"Nemaha","20131","KS"
853,"Neosho","20133","KS"
854,"Ness","20135","KS"
855,"Norton","20137","KS"
856,"Osage","20139","KS"
857,"Osborne","20141","KS"
858,"Ottawa","20143","KS"
859,"Pawnee","20145","KS"
860,"Phillips","20147","KS"
861,"Pottawatomie","20149","KS"
862,"Pratt","20151","KS"
863,"Rawlins","20153","KS"
864,"Reno","20155","KS"
865,"Republic","20157","KS"
866,"Rice","20159","KS"
867,"Riley","20161","KS"
868,"Rooks","20163","KS"
869,"Rush","20165","KS"
870,"Russell","20167","KS"
871,"Saline","20169","KS"
872,"Scott","20171","KS"
873,"Sedgwick","20173","KS"
874,"Seward","20175","KS"
875,"Shawnee","20177","KS"
876,"Sheridan","20179","KS"
877,"Sherman","20181","KS"
878,"Smith","20183","KS"
879,"Stafford","20185","KS"
880,"Stanton","20187","KS"
881,"Stevens","20189","KS"
882,"Sumner","20191","KS"
883,"Thomas","20193","KS"
884,"Trego","20195","KS"
885,"Wabaunsee","20197","KS"
886,"Wallace","20199","KS"
887,"Washington","20201","KS"
888,"Wichita","20203","KS"
889,"Wilson","20205","KS"
890,"Woodson","20207","KS"
891,"Wyandotte","20209","KS"
892,"Adair","21001","KY"
893,"Allen","21003","KY"
894,"Anderson","21005","KY"
895,"Ballard","21007","KY"
896,"Barren","21009","KY"
897,"Bath","21011","KY"
898,"Bell","21013","KY"
899,"Boone","21015","KY"
900,"Bourbon","21017","KY"
901,"Boyd","21019","KY"
902,"Boyle","21021","KY"
903,"Bracken","21023","KY"
904,"Breathitt","21025","KY"
905,"Breckinridge","21027","KY"
906,"Bullitt","21029","KY"
907,"Butler","21031","KY"
908,"Caldwell","21033","KY"
909,"Calloway","21035","KY"
910,"Campbell","21037","KY"
911,"Carlisle","21039","KY"
912,"Carroll","21041","KY"
913,"Carter","21043","KY"
914,"Casey","21045","KY"
915,"Christian","21047","KY"
916,"Clark","21049","KY"
917,"Clay","21051","KY"
918,"Clinton","21053","KY"
919,"Crittenden","21055","KY"
920,"Cumberland","21057","KY"
921,"Daviess","21059","KY"
922,"Edmonson","21061","KY"
923,"Elliott","21063","KY"
924,"Estill","21065","KY"
925,"Fayette","21067","KY"
926,"Fleming","21069","KY"
927,"Floyd","21071","KY"
928,"Franklin","21073","KY"
929,"Fulton","21075","KY"
930,"Gallatin","21077","KY"
931,"Garrard","21079","KY"
932,"Grant","21081","KY"
933,"Graves","21083","KY"
934,"Grayson","21085","KY"
935,"Green","21087","KY"
936,"Greenup","21089","KY"
937,"Hancock","21091","KY"
938,"Hardin","21093","KY"
939,"Harrison","21097","KY"
940,"Hart","21099","KY"
941,"Henderson","21101","KY"
942,"Henry","21103","KY"
943,"Hickman","21105","KY"
944,"Hopkins","21107","KY"
945,"Jackson","21109","KY"
946,"Jefferson","21111","KY"
947,"Jessamine","21113","KY"
948,"Johnson","21115","KY"
949,"Kenton","21117","KY"
950,"Knott","21119","KY"
951,"Knox","21121","KY"
952,"Larue","21123","KY"
953,"Laurel","21125","KY"
954,"Lawrence","21127","KY"
955,"Lee","21129","KY"
956,"Lewis","21135","KY"
957,"Lincoln","21137","KY"
958,"Livingston","21139","KY"
959,"Logan","21141","KY"
960,"Lyon","21143","KY"
961,"McCracken","21145","KY"
962,"McCreary","21147","KY"
963,"McLean","21149","KY"
964,"Madison","21151","KY"
965,"Magoffin","21153","KY"
966,"Marion","21155","KY"
967,"Marshall","21157","KY"
968,"Mason","21161","KY"
969,"Meade","21163","KY"
970,"Menifee","21165","KY"
971,"Mercer","21167","KY"
972,"Metcalfe","21169","KY"
973,"Monroe","21171","KY"
974,"Montgomery","21173","KY"
975,"Morgan","21175","KY"
976,"Muhlenberg","21177","KY"
977,"Nelson","21179","KY"
978,"Nicholas","21181","KY"
979,"Ohio","21183","KY"
980,"Oldham","21185","KY"
981,"Owen","21187","KY"
982,"Owsley","21189","KY"
983,"Pendleton","21191","KY"
984,"Perry","21193","KY"
985,"Pike","21195","KY"
986,"Powell","21197","KY"
987,"Pulaski","21199","KY"
988,"Robertson","21201","KY"
989,"Rockcastle","21203","KY"
990,"Rowan","21205","KY"
991,"Russell","21207","KY"
992,"Scott","21209","KY"
993,"Shelby","21211","KY"
994,"Simpson","21213","KY"
995,"Spencer","21215","KY"
996,"Taylor","21217","KY"
997,"Todd","21219","KY"
998,"Trigg","21221","KY"
999,"Trimble","21223","KY"
1000,"Union","21225","KY"
1001,"Warren","21227","KY"
1002,"Washington","21229","KY"
1003,"Wayne","21231","KY"
1004,"Webster","21233","KY"
1005,"Whitley","21235","KY"
1006,"Wolfe","21237","KY"
1007,"Woodford","21239","KY"
1008,"Acadia","22001","LA"
1009,"Allen","22003","LA"
1010,"Ascension","22005","LA"
1011,"Assumption","22007","LA"
1012,"Avoyelles","22009","LA"
1013,"Beauregard","22011","LA"
1014,"Bienville","22013","LA"
1015,"Bossier","22015","LA"
1016,"Caddo","22017","LA"
1017,"Calcasieu","22019","LA"
1018,"Caldwell","22021","LA"
1019,"Cameron","22023","LA"
1020,"Catahoula","22025","LA"
1021,"Claiborne","22027","LA"
1022,"Concordia","22029","LA"
1023,"De Soto","22031","LA"
1024,"East Baton Rouge","22033","LA"
1025,"East Carroll","22035","LA"
1026,"East Feliciana","22037","LA"
1027,"Evangeline","22039","LA"
1028,"Franklin","22041","LA"
1029,"Grant","22043","LA"
1030,"Iberia","22045","LA"
1031,"Iberville","22047","LA"
1032,"Jackson","22049","LA"
1033,"Jefferson Davis","22053","LA"
1034,"Lafayette","22055","LA"
1035,"Lafourche","22057","LA"
1036,"La Salle","22059","LA"
1037,"Madison","22065","LA"
1038,"Morehouse","22067","LA"
1039,"Natchitoches","22069","LA"
1040,"Ouachita","22073","LA"
1041,"Pointe Coupee","22077","LA"
1042,"Rapides","22079","LA"
1043,"Red River","22081","LA"
1044,"Richland","22083","LA"
1045,"St. Charles","22089","LA"
1046,"St. Helena","22091","LA"
1047,"St. James","22093","LA"
1048,"St. John the Baptist","22095","LA"
1049,"St. Landry","22097","LA"
1050,"St. Martin","22099","LA"
1051,"St. Mary","22101","LA"
1052,"St. Tammany","22103","LA"
1053,"Tangipahoa","22105","LA"
1054,"Tensas","22107","LA"
1055,"Terrebonne","22109","LA"
1056,"Union","22111","LA"
1057,"Vermilion","22113","LA"
1058,"Vernon","22115","LA"
1059,"Washington","22117","LA"
1060,"Webster","22119","LA"
1061,"West Baton Rouge","22121","LA"
1062,"West Carroll","22123","LA"
1063,"West Feliciana","22125","LA"
1064,"Winn","22127","LA"
1065,"Androscoggin","23001","ME"
1066,"Aroostook","23003","ME"
1067,"Cumberland","23005","ME"
1068,"Franklin","23007","ME"
1069,"Hancock","23009","ME"
1070,"Kennebec","23011","ME"
1071,"Knox","23013","ME"
1072,"Lincoln","23015","ME"
1073,"Oxford","23017","ME"
1074,"Penobscot","23019","ME"
1075,"Piscataquis","23021","ME"
1076,"Sagadahoc","23023","ME"
1077,"Somerset","23025","ME"
1078,"Waldo","23027","ME"
1079,"Washington","23029","ME"
1080,"York","23031","ME"
1081,"Allegany","24001","MD"
1082,"Anne Arundel","24003","MD"
1083,"Baltimore","24005","MD"
1084,"Calvert","24009","MD"
1085,"Caroline","24011","MD"
1086,"Carroll","24013","MD"
1087,"Cecil","24015","MD"
1088,"Charles","24017","MD"
1089,"Dorchester","24019","MD"
1090,"Frederick","24021","MD"
1091,"Garrett","24023","MD"
1092,"Harford","24025","MD"
1093,"Howard","24027","MD"
1094,"Kent","24029","MD"
1095,"Montgomery","24031","MD"
1096,"Prince George's","24033","MD"
1097,"Queen Anne's","24035","MD"
1098,"St. Mary's","24037","MD"
1099,"Somerset","24039","MD"
1100,"Talbot","24041","MD"
1101,"Washington","24043","MD"
1102,"Wicomico","24045","MD"
1103,"Worcester","24047","MD"
1104,"Barnstable","25001","MA"
1105,"Berkshire","25003","MA"
1106,"Bristol","25005","MA"
1107,"Dukes","25007","MA"
1108,"Essex","25009","MA"
1109,"Franklin","25011","MA"
1110,"Hampden","25013","MA"
1111,"Hampshire","25015","MA"
1112,"Middlesex","25017","MA"
1113,"Norfolk","25021","MA"
1114,"Plymouth","25023","MA"
1115,"Worcester","25027","MA"
1116,"Alcona","26001","MI"
1117,"Alger","26003","MI"
1118,"Allegan","26005","MI"
1119,"Alpena","26007","MI"
1120,"Antrim","26009","MI"
1121,"Arenac","26011","MI"
1122,"Baraga","26013","MI"
1123,"Barry","26015","MI"
1124,"Bay","26017","MI"
1125,"Benzie","26019","MI"
1126,"Berrien","26021","MI"
1127,"Branch","26023","MI"
1128,"Calhoun","26025","MI"
1129,"Cass","26027","MI"
1130,"Charlevoix","26029","MI"
1131,"Cheboygan","26031","MI"
1132,"Chippewa","26033","MI"
1133,"Clare","26035","MI"
1134,"Clinton","26037","MI"
1135,"Crawford","26039","MI"
1136,"Delta","26041","MI"
1137,"Dickinson","26043","MI"
1138,"Eaton","26045","MI"
1139,"Emmet","26047","MI"
1140,"Genesee","26049","MI"
1141,"Gladwin","26051","MI"
1142,"Gogebic","26053","MI"
1143,"Grand Traverse","26055","MI"
1144,"Gratiot","26057","MI"
1145,"Hillsdale","26059","MI"
1146,"Houghton","26061","MI"
1147,"Huron","26063","MI"
1148,"Ingham","26065","MI"
1149,"Ionia","26067","MI"
1150,"Iosco","26069","MI"
1151,"Iron","26071","MI"
1152,"Isabella","26073","MI"
1153,"Jackson","26075","MI"
1154,"Kalamazoo","26077","MI"
1155,"Kalkaska","26079","MI"
1156,"Kent","26081","MI"
1157,"Lake","26085","MI"
1158,"Lapeer","26087","MI"
1159,"Leelanau","26089","MI"
1160,"Lenawee","26091","MI"
1161,"Livingston","26093","MI"
1162,"Luce","26095","MI"
1163,"Mackinac","26097","MI"
1164,"Macomb","26099","MI"
1165,"Manistee","26101","MI"
1166,"Marquette","26103","MI"
1167,"Mason","26105","MI"
1168,"Mecosta","26107","MI"
1169,"Menominee","26109","MI"
1170,"Midland","26111","MI"
1171,"Missaukee","26113","MI"
1172,"Monroe","26115","MI"
1173,"Montcalm","26117","MI"
1174,"Montmorency","26119","MI"
1175,"Muskegon","26121","MI"
1176,"Newaygo","26123","MI"
1177,"Oakland","26125","MI"
1178,"Oceana","26127","MI"
1179,"Ogemaw","26129","MI"
1180,"Ontonagon","26131","MI"
1181,"Osceola","26133","MI"
1182,"Oscoda","26135","MI"
1183,"Otsego","26137","MI"
1184,"Ottawa","26139","MI"
1185,"Presque Isle","26141","MI"
1186,"Roscommon","26143","MI"
1187,"Saginaw","26145","MI"
1188,"St. Clair","26147","MI"
1189,"St. Joseph","26149","MI"
1190,"Sanilac","26151","MI"
1191,"Schoolcraft","26153","MI"
1192,"Shiawassee","26155","MI"
1193,"Tuscola","26157","MI"
1194,"Van Buren","26159","MI"
1195,"Washtenaw","26161","MI"
1196,"Wayne","26163","MI"
1197,"Wexford","26165","MI"
1198,"Aitkin","27001","MN"
1199,"Anoka","27003","MN"
1200,"Becker","27005","MN"
1201,"Beltrami","27007","MN"
1202,"Benton","27009","MN"
1203,"Big Stone","27011","MN"
1204,"Blue Earth","27013","MN"
1205,"Brown","27015","MN"
1206,"Carlton","27017","MN"
1207,"Carver","27019","MN"
1208,"Cass","27021","MN"
1209,"Chippewa","27023","MN"
1210,"Chisago","27025","MN"
1211,"Clay","27027","MN"
1212,"Clearwater","27029","MN"
1213,"Cook","27031","MN"
1214,"Cottonwood","27033","MN"
1215,"Crow Wing","27035","MN"
1216,"Dakota","27037","MN"
1217,"Dodge","27039","MN"
1218,"Douglas","27041","MN"
1219,"Faribault","27043","MN"
1220,"Fillmore","27045","MN"
1221,"Freeborn","27047","MN"
1222,"Goodhue","27049","MN"
1223,"Grant","27051","MN"
1224,"Hennepin","27053","MN"
1225,"Houston","27055","MN"
1226,"Hubbard","27057","MN"
1227,"Isanti","27059","MN"
1228,"Itasca","27061","MN"
1229,"Jackson","27063","MN"
1230,"Kanabec","27065","MN"
1231,"Kandiyohi","27067","MN"
1232,"Kittson","27069","MN"
1233,"Koochiching","27071","MN"
1234,"Lac qui Parle","27073","MN"
1235,"Lake","27075","MN"
1236,"Lake of the Woods","27077","MN"
1237,"Le Sueur","27079","MN"
1238,"Lincoln","27081","MN"
1239,"Lyon","27083","MN"
1240,"McLeod","27085","MN"
1241,"Mahnomen","27087","MN"
1242,"Marshall","27089","MN"
1243,"Martin","27091","MN"
1244,"Meeker","27093","MN"
1245,"Mille Lacs","27095","MN"
1246,"Morrison","27097","MN"
1247,"Mower","27099","MN"
1248,"Murray","27101","MN"
1249,"Nicollet","27103","MN"
1250,"Nobles","27105","MN"
1251,"Norman","27107","MN"
1252,"Olmsted","27109","MN"
1253,"Otter Tail","27111","MN"
1254,"Pennington","27113","MN"
1255,"Pine","27115","MN"
1256,"Pipestone","27117","MN"
1257,"Polk","27119","MN"
1258,"Pope","27121","MN"
1259,"Ramsey","27123","MN"
1260,"Red Lake","27125","MN"
1261,"Redwood","27127","MN"
1262,"Renville","27129","MN"
1263,"Rice","27131","MN"
1264,"Rock","27133","MN"
1265,"Roseau","27135","MN"
1266,"St. Louis","27137","MN"
1267,"Scott","27139","MN"
1268,"Sherburne","27141","MN"
1269,"Sibley","27143","MN"
1270,"Stearns","27145","MN"
1271,"Steele","27147","MN"
1272,"Stevens","27149","MN"
1273,"Swift","27151","MN"
1274,"Todd","27153","MN"
1275,"Traverse","27155","MN"
1276,"Wabasha","27157","MN"
1277,"Wadena","27159","MN"
1278,"Waseca","27161","MN"
1279,"Washington","27163","MN"
1280,"Watonwan","27165","MN"
1281,"Wilkin","27167","MN"
1282,"Winona","27169","MN"
1283,"Wright","27171","MN"
1284,"Yellow Medicine","27173","MN"
1285,"Adams","28001","MS"
1286,"Alcorn","28003","MS"
1287,"Amite","28005","MS"
1288,"Attala","28007","MS"
1289,"Benton","28009","MS"
1290,"Bolivar","28011","MS"
1291,"Calhoun","28013","MS"
1292,"Carroll","28015","MS"
1293,"Chickasaw","28017","MS"
1294,"Choctaw","28019","MS"
1295,"Claiborne","28021","MS"
1296,"Clarke","28023","MS"
1297,"Clay","28025","MS"
1298,"Coahoma","28027","MS"
1299,"Copiah","28029","MS"
1300,"Covington","28031","MS"
1301,"DeSoto","28033","MS"
1302,"Forrest","28035","MS"
1303,"Franklin","28037","MS"
1304,"George","28039","MS"
1305,"Greene","28041","MS"
1306,"Grenada","28043","MS"
1307,"Hancock","28045","MS"
1308,"Harrison","28047","MS"
1309,"Hinds","28049","MS"
1310,"Holmes","28051","MS"
1311,"Humphreys","28053","MS"
1312,"Issaquena","28055","MS"
1313,"Itawamba","28057","MS"
1314,"Jackson","28059","MS"
1315,"Jasper","28061","MS"
1316,"Jefferson","28063","MS"
1317,"Jefferson Davis","28065","MS"
1318,"Jones","28067","MS"
1319,"Kemper","28069","MS"
1320,"Lafayette","28071","MS"
1321,"Lamar","28073","MS"
1322,"Lauderdale","28075","MS"
1323,"Lawrence","28077","MS"
1324,"Leake","28079","MS"
1325,"Lee","28081","MS"
1326,"Leflore","28083","MS"
1327,"Lincoln","28085","MS"
1328,"Lowndes","28087","MS"
1329,"Madison","28089","MS"
1330,"Marion","28091","MS"
1331,"Marshall","28093","MS"
1332,"Monroe","28095","MS"
1333,"Montgomery","28097","MS"
1334,"Neshoba","28099","MS"
1335,"Newton","28101","MS"
1336,"Noxubee","28103","MS"
1337,"Oktibbeha","28105","MS"
1338,"Panola","28107","MS"
1339,"Pearl River","28109","MS"
1340,"Perry","28111","MS"
1341,"Pike","28113","MS"
1342,"Pontotoc","28115","MS"
1343,"Prentiss","28117","MS"
1344,"Quitman","28119","MS"
1345,"Rankin","28121","MS"
1346,"Scott","28123","MS"
1347,"Sharkey","28125","MS"
1348,"Simpson","28127","MS"
1349,"Smith","28129","MS"
1350,"Stone","28131","MS"
1351,"Sunflower","28133","MS"
1352,"Tallahatchie","28135","MS"
1353,"Tate","28137","MS"
1354,"Tippah","28139","MS"
1355,"Tishomingo","28141","MS"
1356,"Tunica","28143","MS"
1357,"Union","28145","MS"
1358,"Walthall","28147","MS"
1359,"Warren","28149","MS"
1360,"Washington","28151","MS"
1361,"Wayne","28153","MS"
1362,"Webster","28155","MS"
1363,"Wilkinson","28157","MS"
1364,"Winston","28159","MS"
1365,"Yalobusha","28161","MS"
1366,"Yazoo","28163","MS"
1367,"Adair","29001","MO"
1368,"Andrew","29003","MO"
1369,"Atchison","29005","MO"
1370,"Audrain","29007","MO"
1371,"Barry","29009","MO"
1372,"Barton","29011","MO"
1373,"Bates","29013","MO"
1374,"Benton","29015","MO"
1375,"Bollinger","29017","MO"
1376,"Boone","29019","MO"
1377,"Buchanan","29021","MO"
1378,"Butler","29023","MO"
1379,"Caldwell","29025","MO"
1380,"Callaway","29027","MO"
1381,"Camden","29029","MO"
1382,"Cape Girardeau","29031","MO"
1383,"Carroll","29033","MO"
1384,"Carter","29035","MO"
1385,"Cass","29037","MO"
1386,"Cedar","29039","MO"
1387,"Chariton","29041","MO"
1388,"Christian","29043","MO"
1389,"Clark","29045","MO"
1390,"Clay","29047","MO"
1391,"Clinton","29049","MO"
1392,"Cole","29051","MO"
1393,"Cooper","29053","MO"
1394,"Crawford","29055","MO"
1395,"Dade","29057","MO"
1396,"Dallas","29059","MO"
1397,"Daviess","29061","MO"
1398,"DeKalb","29063","MO"
1399,"Dent","29065","MO"
1400,"Douglas","29067","MO"
1401,"Dunklin","29069","MO"
1402,"Franklin","29071","MO"
1403,"Gasconade","29073","MO"
1404,"Gentry","29075","MO"
1405,"Greene","29077","MO"
1406,"Grundy","29079","MO"
1407,"Harrison","29081","MO"
1408,"Henry","29083","MO"
1409,"Hickory","29085","MO"
1410,"Holt","29087","MO"
1411,"Howard","29089","MO"
1412,"Howell","29091","MO"
1413,"Iron","29093","MO"
1414,"Jackson","29095","MO"
1415,"Jasper","29097","MO"
1416,"Jefferson","29099","MO"
1417,"Johnson","29101","MO"
1418,"Knox","29103","MO"
1419,"Laclede","29105","MO"
1420,"Lafayette","29107","MO"
1421,"Lawrence","29109","MO"
1422,"Lewis","29111","MO"
1423,"Lincoln","29113","MO"
1424,"Linn","29115","MO"
1425,"Livingston","29117","MO"
1426,"McDonald","29119","MO"
1427,"Macon","29121","MO"
1428,"Madison","29123","MO"
1429,"Maries","29125","MO"
1430,"Marion","29127","MO"
1431,"Mercer","29129","MO"
1432,"Miller","29131","MO"
1433,"Mississippi","29133","MO"
1434,"Moniteau","29135","MO"
1435,"Monroe","29137","MO"
1436,"Montgomery","29139","MO"
1437,"Morgan","29141","MO"
1438,"New Madrid","29143","MO"
1439,"Newton","29145","MO"
1440,"Nodaway","29147","MO"
1441,"Oregon","29149","MO"
1442,"Osage","29151","MO"
1443,"Ozark","29153","MO"
1444,"Pemiscot","29155","MO"
1445,"Perry","29157","MO"
1446,"Pettis","29159","MO"
1447,"Phelps","29161","MO"
1448,"Pike","29163","MO"
1449,"Platte","29165","MO"
1450,"Polk","29167","MO"
1451,"Pulaski","29169","MO"
1452,"Putnam","29171","MO"
1453,"Ralls","29173","MO"
1454,"Randolph","29175","MO"
1455,"Ray","29177","MO"
1456,"Reynolds","29179","MO"
1457,"Ripley","29181","MO"
1458,"St. Charles","29183","MO"
1459,"St. Clair","29185","MO"
1460,"St. Francois","29187","MO"
1461,"St. Louis","29189","MO"
1462,"Saline","29195","MO"
1463,"Schuyler","29197","MO"
1464,"Scotland","29199","MO"
1465,"Scott","29201","MO"
1466,"Shannon","29203","MO"
1467,"Shelby","29205","MO"
1468,"Stoddard","29207","MO"
1469,"Stone","29209","MO"
1470,"Sullivan","29211","MO"
1471,"Taney","29213","MO"
1472,"Texas","29215","MO"
1473,"Vernon","29217","MO"
1474,"Warren","29219","MO"
1475,"Washington","29221","MO"
1476,"Wayne","29223","MO"
1477,"Webster","29225","MO"
1478,"Worth","29227","MO"
1479,"Wright","29229","MO"
1480,"Beaverhead","30001","MT"
1481,"Big Horn","30003","MT"
1482,"Blaine","30005","MT"
1483,"Broadwater","30007","MT"
1484,"Carbon","30009","MT"
1485,"Carter","30011","MT"
1486,"Cascade","30013","MT"
1487,"Chouteau","30015","MT"
1488,"Custer","30017","MT"
1489,"Daniels","30019","MT"
1490,"Dawson","30021","MT"
1491,"Deer Lodge","30023","MT"
1492,"Fallon","30025","MT"
1493,"Fergus","30027","MT"
1494,"Flathead","30029","MT"
1495,"Gallatin","30031","MT"
1496,"Garfield","30033","MT"
1497,"Glacier","30035","MT"
1498,"Golden Valley","30037","MT"
1499,"Granite","30039","MT"
1500,"Hill","30041","MT"
1501,"Jefferson","30043","MT"
1502,"Judith Basin","30045","MT"
1503,"Lake","30047","MT"
1504,"Lewis and Clark","30049","MT"
1505,"Liberty","30051","MT"
1506,"McCone","30055","MT"
1507,"Madison","30057","MT"
1508,"Meagher","30059","MT"
1509,"Mineral","30061","MT"
1510,"Missoula","30063","MT"
1511,"Musselshell","30065","MT"
1512,"Park","30067","MT"
1513,"Petroleum","30069","MT"
1514,"Phillips","30071","MT"
1515,"Pondera","30073","MT"
1516,"Powder River","30075","MT"
1517,"Powell","30077","MT"
1518,"Prairie","30079","MT"
1519,"Ravalli","30081","MT"
1520,"Richland","30083","MT"
1521,"Roosevelt","30085","MT"
1522,"Rosebud","30087","MT"
1523,"Sanders","30089","MT"
1524,"Sheridan","30091","MT"
1525,"Silver Bow","30093","MT"
1526,"Stillwater","30095","MT"
1527,"Sweet Grass","30097","MT"
1528,"Teton","30099","MT"
1529,"Toole","30101","MT"
1530,"Treasure","30103","MT"
1531,"Valley","30105","MT"
1532,"Wheatland","30107","MT"
1533,"Wibaux","30109","MT"
1534,"Yellowstone","30111","MT"
1535,"Adams","31001","NE"
1536,"Antelope","31003","NE"
1537,"Arthur","31005","NE"
1538,"Banner","31007","NE"
1539,"Blaine","31009","NE"
1540,"Boone","31011","NE"
1541,"Box Butte","31013","NE"
1542,"Boyd","31015","NE"
1543,"Brown","31017","NE"
1544,"Buffalo","31019","NE"
1545,"Burt","31021","NE"
1546,"Butler","31023","NE"
1547,"Cass","31025","NE"
1548,"Cedar","31027","NE"
1549,"Chase","31029","NE"
1550,"Cherry","31031","NE"
1551,"Cheyenne","31033","NE"
1552,"Clay","31035","NE"
1553,"Colfax","31037","NE"
1554,"Cuming","31039","NE"
1555,"Custer","31041","NE"
1556,"Dakota","31043","NE"
1557,"Dawes","31045","NE"
1558,"Dawson","31047","NE"
1559,"Deuel","31049","NE"
1560,"Dixon","31051","NE"
1561,"Dodge","31053","NE"
1562,"Douglas","31055","NE"
1563,"Dundy","31057","NE"
1564,"Fillmore","31059","NE"
1565,"Franklin","31061","NE"
1566,"Frontier","31063","NE"
1567,"Furnas","31065","NE"
1568,"Gage","31067","NE"
1569,"Garden","31069","NE"
1570,"Garfield","31071","NE"
1571,"Gosper","31073","NE"
1572,"Greeley","31077","NE"
1573,"Hall","31079","NE"
1574,"Hamilton","31081","NE"
1575,"Harlan","31083","NE"
1576,"Hayes","31085","NE"
1577,"Hitchcock","31087","NE"
1578,"Holt","31089","NE"
1579,"Hooker","31091","NE"
1580,"Howard","31093","NE"
1581,"Jefferson","31095","NE"
1582,"Johnson","31097","NE"
1583,"Kearney","31099","NE"
1584,"Keith","31101","NE"
1585,"Keya Paha","31103","NE"
1586,"Kimball","31105","NE"
1587,"Knox","31107","NE"
1588,"Lancaster","31109","NE"
1589,"Lincoln","31111","NE"
1590,"Logan","31113","NE"
1591,"Loup","31115","NE"
1592,"McPherson","31117","NE"
1593,"Madison","31119","NE"
1594,"Merrick","31121","NE"
1595,"Morrill","31123","NE"
1596,"Nance","31125","NE"
1597,"Nemaha","31127","NE"
1598,"Nuckolls","31129","NE"
1599,"Otoe","31131","NE"
1600,"Pawnee","31133","NE"
1601,"Perkins","31135","NE"
1602,"Phelps","31137","NE"
1603,"Pierce","31139","NE"
1604,"Platte","31141","NE"
1605,"Polk","31143","NE"
1606,"Red Willow","31145","NE"
1607,"Richardson","31147","NE"
1608,"Rock","31149","NE"
1609,"Saline","31151","NE"
1610,"Sarpy","31153","NE"
1611,"Saunders","31155","NE"
1612,"Scotts Bluff","31157","NE"
1613,"Seward","31159","NE"
1614,"Sheridan","31161","NE"
1615,"Sherman","31163","NE"
1616,"Sioux","31165","NE"
1617,"Stanton","31167","NE"
1618,"Thayer","31169","NE"
1619,"Thomas","31171","NE"
1620,"Thurston","31173","NE"
1621,"Valley","31175","NE"
1622,"Washington","31177","NE"
1623,"Wayne","31179","NE"
1624,"Webster","31181","NE"
1625,"Wheeler","31183","NE"
1626,"York","31185","NE"
1627,"Churchill","32001","NV"
1628,"Clark","32003","NV"
1629,"Douglas","32005","NV"
1630,"Elko","32007","NV"
1631,"Eureka","32011","NV"
1632,"Humboldt","32013","NV"
1633,"Lander","32015","NV"
1634,"Lincoln","32017","NV"
1635,"Lyon","32019","NV"
1636,"Nye","32023","NV"
1637,"Pershing","32027","NV"
1638,"Washoe","32031","NV"
1639,"White Pine","32033","NV"
1640,"Belknap","33001","NH"
1641,"Carroll","33003","NH"
1642,"Cheshire","33005","NH"
1643,"Coos","33007","NH"
1644,"Grafton","33009","NH"
1645,"Hillsborough","33011","NH"
1646,"Merrimack","33013","NH"
1647,"Rockingham","33015","NH"
1648,"Strafford","33017","NH"
1649,"Sullivan","33019","NH"
1650,"Atlantic","34001","NJ"
1651,"Burlington","34005","NJ"
1652,"Camden","34007","NJ"
1653,"Cape May","34009","NJ"
1654,"Cumberland","34011","NJ"
1655,"Gloucester","34015","NJ"
1656,"Hunterdon","34019","NJ"
1657,"Mercer","34021","NJ"
1658,"Middlesex","34023","NJ"
1659,"Monmouth","34025","NJ"
1660,"Morris","34027","NJ"
1661,"Ocean","34029","NJ"
1662,"Salem","34033","NJ"
1663,"Somerset","34035","NJ"
1664,"Sussex","34037","NJ"
1665,"Warren","34041","NJ"
1666,"Chaves","35005","NM"
1667,"Cibola","35006","NM"
1668,"Colfax","35007","NM"
1669,"Curry","35009","NM"
1670,"DeBaca","35011","NM"
1671,"Dona Ana","35013","NM"
1672,"Eddy","35015","NM"
1673,"Guadalupe","35019","NM"
1674,"Harding","35021","NM"
1675,"Hidalgo","35023","NM"
1676,"Lea","35025","NM"
1677,"Luna","35029","NM"
1678,"Mora","35033","NM"
1679,"Otero","35035","NM"
1680,"Quay","35037","NM"
1681,"Rio Arriba","35039","NM"
1682,"Roosevelt","35041","NM"
1683,"San Juan","35045","NM"
1684,"San Miguel","35047","NM"
1685,"Santa Fe","35049","NM"
1686,"Sierra","35051","NM"
1687,"Socorro","35053","NM"
1688,"Taos","35055","NM"
1689,"Torrance","35057","NM"
1690,"Union","35059","NM"
1691,"Valencia","35061","NM"
1692,"Albany","36001","NY"
1693,"Allegany","36003","NY"
1694,"Broome","36007","NY"
1695,"Cattaraugus","36009","NY"
1696,"Cayuga","36011","NY"
1697,"Chautauqua","36013","NY"
1698,"Chemung","36015","NY"
1699,"Chenango","36017","NY"
1700,"Clinton","36019","NY"
1701,"Columbia","36021","NY"
1702,"Cortland","36023","NY"
1703,"Delaware","36025","NY"
1704,"Dutchess","36027","NY"
1705,"Erie","36029","NY"
1706,"Essex","36031","NY"
1707,"Franklin","36033","NY"
1708,"Fulton","36035","NY"
1709,"Genesee","36037","NY"
1710,"Greene","36039","NY"
1711,"Herkimer","36043","NY"
1712,"Jefferson","36045","NY"
1713,"Lewis","36049","NY"
1714,"Livingston","36051","NY"
1715,"Madison","36053","NY"
1716,"Monroe","36055","NY"
1717,"Montgomery","36057","NY"
1718,"Niagara","36063","NY"
1719,"Oneida","36065","NY"
1720,"Onondaga","36067","NY"
1721,"Ontario","36069","NY"
1722,"Orange","36071","NY"
1723,"Orleans","36073","NY"
1724,"Oswego","36075","NY"
1725,"Otsego","36077","NY"
1726,"Putnam","36079","NY"
1727,"Rensselaer","36083","NY"
1728,"St. Lawrence","36089","NY"
1729,"Saratoga","36091","NY"
1730,"Schenectady","36093","NY"
1731,"Schoharie","36095","NY"
1732,"Schuyler","36097","NY"
1733,"Seneca","36099","NY"
1734,"Steuben","36101","NY"
1735,"Suffolk","36103","NY"
1736,"Sullivan","36105","NY"
1737,"Tioga","36107","NY"
1738,"Tompkins","36109","NY"
1739,"Ulster","36111","NY"
1740,"Warren","36113","NY"
1741,"Washington","36115","NY"
1742,"Wayne","36117","NY"
1743,"Westchester","36119","NY"
1744,"Wyoming","36121","NY"
1745,"Yates","36123","NY"
1746,"Alamance","37001","NC"
1747,"Alexander","37003","NC"
1748,"Alleghany","37005","NC"
1749,"Anson","37007","NC"
1750,"Ashe","37009","NC"
1751,"Avery","37011","NC"
1752,"Beaufort","37013","NC"
1753,"Bertie","37015","NC"
1754,"Bladen","37017","NC"
1755,"Brunswick","37019","NC"
1756,"Buncombe","37021","NC"
1757,"Burke","37023","NC"
1758,"Cabarrus","37025","NC"
1759,"Caldwell","37027","NC"
1760,"Camden","37029","NC"
1761,"Carteret","37031","NC"
1762,"Caswell","37033","NC"
1763,"Catawba","37035","NC"
1764,"Chatham","37037","NC"
1765,"Cherokee","37039","NC"
1766,"Chowan","37041","NC"
1767,"Clay","37043","NC"
1768,"Cleveland","37045","NC"
1769,"Columbus","37047","NC"
1770,"Craven","37049","NC"
1771,"Cumberland","37051","NC"
1772,"Currituck","37053","NC"
1773,"Dare","37055","NC"
1774,"Davidson","37057","NC"
1775,"Davie","37059","NC"
1776,"Duplin","37061","NC"
1777,"Durham","37063","NC"
1778,"Edgecombe","37065","NC"
1779,"Forsyth","37067","NC"
1780,"Franklin","37069","NC"
1781,"Gaston","37071","NC"
1782,"Gates","37073","NC"
1783,"Graham","37075","NC"
1784,"Granville","37077","NC"
1785,"Greene","37079","NC"
1786,"Guilford","37081","NC"
1787,"Halifax","37083","NC"
1788,"Harnett","37085","NC"
1789,"Haywood","37087","NC"
1790,"Henderson","37089","NC"
1791,"Hertford","37091","NC"
1792,"Hoke","37093","NC"
1793,"Hyde","37095","NC"
1794,"Iredell","37097","NC"
1795,"Jackson","37099","NC"
1796,"Johnston","37101","NC"
1797,"Jones","37103","NC"
1798,"Lee","37105","NC"
1799,"Lenoir","37107","NC"
1800,"Lincoln","37109","NC"
1801,"McDowell","37111","NC"
1802,"Macon","37113","NC"
1803,"Madison","37115","NC"
1804,"Martin","37117","NC"
1805,"Mecklenburg","37119","NC"
1806,"Mitchell","37121","NC"
1807,"Montgomery","37123","NC"
1808,"Moore","37125","NC"
1809,"Nash","37127","NC"
1810,"New Hanover","37129","NC"
1811,"Northampton","37131","NC"
1812,"Onslow","37133","NC"
1813,"Orange","37135","NC"
1814,"Pamlico","37137","NC"
1815,"Pasquotank","37139","NC"
1816,"Pender","37141","NC"
1817,"Perquimans","37143","NC"
1818,"Person","37145","NC"
1819,"Pitt","37147","NC"
1820,"Polk","37149","NC"
1821,"Randolph","37151","NC"
1822,"Richmond","37153","NC"
1823,"Robeson","37155","NC"
1824,"Rockingham","37157","NC"
1825,"Rowan","37159","NC"
1826,"Rutherford","37161","NC"
1827,"Sampson","37163","NC"
1828,"Scotland","37165","NC"
1829,"Stanly","37167","NC"
1830,"Stokes","37169","NC"
1831,"Surry","37171","NC"
1832,"Swain","37173","NC"
1833,"Transylvania","37175","NC"
1834,"Tyrrell","37177","NC"
1835,"Union","37179","NC"
1836,"Vance","37181","NC"
1837,"Wake","37183","NC"
1838,"Warren","37185","NC"
1839,"Washington","37187","NC"
1840,"Watauga","37189","NC"
1841,"Wayne","37191","NC"
1842,"Wilkes","37193","NC"
1843,"Wilson","37195","NC"
1844,"Yadkin","37197","NC"
1845,"Yancey","37199","NC"
1846,"Adams","38001","ND"
1847,"Barnes","38003","ND"
1848,"Benson","38005","ND"
1849,"Billings","38007","ND"
1850,"Bottineau","38009","ND"
1851,"Bowman","38011","ND"
1852,"Burke","38013","ND"
1853,"Burleigh","38015","ND"
1854,"Cass","38017","ND"
1855,"Cavalier","38019","ND"
1856,"Dickey","38021","ND"
1857,"Divide","38023","ND"
1858,"Dunn","38025","ND"
1859,"Eddy","38027","ND"
1860,"Emmons","38029","ND"
1861,"Foster","38031","ND"
1862,"Golden Valley","38033","ND"
1863,"Grand Forks","38035","ND"
1864,"Grant","38037","ND"
1865,"Griggs","38039","ND"
1866,"Hettinger","38041","ND"
1867,"Kidder","38043","ND"
1868,"LaMoure","38045","ND"
1869,"Logan","38047","ND"
1870,"McHenry","38049","ND"
1871,"McIntosh","38051","ND"
1872,"McKenzie","38053","ND"
1873,"McLean","38055","ND"
1874,"Mercer","38057","ND"
1875,"Morton","38059","ND"
1876,"Mountrail","38061","ND"
1877,"Nelson","38063","ND"
1878,"Oliver","38065","ND"
1879,"Pembina","38067","ND"
1880,"Pierce","38069","ND"
1881,"Ramsey","38071","ND"
1882,"Ransom","38073","ND"
1883,"Renville","38075","ND"
1884,"Richland","38077","ND"
1885,"Rolette","38079","ND"
1886,"Sargent","38081","ND"
1887,"Sheridan","38083","ND"
1888,"Sioux","38085","ND"
1889,"Slope","38087","ND"
1890,"Stark","38089","ND"
1891,"Steele","38091","ND"
1892,"Stutsman","38093","ND"
1893,"Towner","38095","ND"
1894,"Traill","38097","ND"
1895,"Walsh","38099","ND"
1896,"Ward","38101","ND"
1897,"Wells","38103","ND"
1898,"Williams","38105","ND"
1899,"Adams","39001","OH"
1900,"Allen","39003","OH"
1901,"Ashland","39005","OH"
1902,"Ashtabula","39007","OH"
1903,"Athens","39009","OH"
1904,"Auglaize","39011","OH"
1905,"Belmont","39013","OH"
1906,"Brown","39015","OH"
1907,"Butler","39017","OH"
1908,"Carroll","39019","OH"
1909,"Champaign","39021","OH"
1910,"Clark","39023","OH"
1911,"Clermont","39025","OH"
1912,"Clinton","39027","OH"
1913,"Columbiana","39029","OH"
1914,"Coshocton","39031","OH"
1915,"Crawford","39033","OH"
1916,"Cuyahoga","39035","OH"
1917,"Darke","39037","OH"
1918,"Defiance","39039","OH"
1919,"Delaware","39041","OH"
1920,"Erie","39043","OH"
1921,"Fairfield","39045","OH"
1922,"Fayette","39047","OH"
1923,"Franklin","39049","OH"
1924,"Fulton","39051","OH"
1925,"Gallia","39053","OH"
1926,"Geauga","39055","OH"
1927,"Greene","39057","OH"
1928,"Guernsey","39059","OH"
1929,"Hamilton","39061","OH"
1930,"Hancock","39063","OH"
1931,"Hardin","39065","OH"
1932,"Harrison","39067","OH"
1933,"Henry","39069","OH"
1934,"Highland","39071","OH"
1935,"Hocking","39073","OH"
1936,"Holmes","39075","OH"
1937,"Huron","39077","OH"
1938,"Jackson","39079","OH"
1939,"Jefferson","39081","OH"
1940,"Knox","39083","OH"
1941,"Lake","39085","OH"
1942,"Lawrence","39087","OH"
1943,"Licking","39089","OH"
1944,"Logan","39091","OH"
1945,"Lorain","39093","OH"
1946,"Lucas","39095","OH"
1947,"Madison","39097","OH"
1948,"Mahoning","39099","OH"
1949,"Marion","39101","OH"
1950,"Medina","39103","OH"
1951,"Meigs","39105","OH"
1952,"Mercer","39107","OH"
1953,"Miami","39109","OH"
1954,"Monroe","39111","OH"
1955,"Montgomery","39113","OH"
1956,"Morgan","39115","OH"
1957,"Morrow","39117","OH"
1958,"Muskingum","39119","OH"
1959,"Noble","39121","OH"
1960,"Ottawa","39123","OH"
1961,"Paulding","39125","OH"
1962,"Perry","39127","OH"
1963,"Pickaway","39129","OH"
1964,"Pike","39131","OH"
1965,"Portage","39133","OH"
1966,"Preble","39135","OH"
1967,"Putnam","39137","OH"
1968,"Richland","39139","OH"
1969,"Ross","39141","OH"
1970,"Sandusky","39143","OH"
1971,"Scioto","39145","OH"
1972,"Seneca","39147","OH"
1973,"Shelby","39149","OH"
1974,"Stark","39151","OH"
1975,"Summit","39153","OH"
1976,"Trumbull","39155","OH"
1977,"Tuscarawas","39157","OH"
1978,"Union","39159","OH"
1979,"Van Wert","39161","OH"
1980,"Vinton","39163","OH"
1981,"Warren","39165","OH"
1982,"Washington","39167","OH"
1983,"Wayne","39169","OH"
1984,"Williams","39171","OH"
1985,"Wood","39173","OH"
1986,"Wyandot","39175","OH"
1987,"Adair","40001","OK"
1988,"Alfalfa","40003","OK"
1989,"Atoka","40005","OK"
1990,"Beaver","40007","OK"
1991,"Beckham","40009","OK"
1992,"Blaine","40011","OK"
1993,"Bryan","40013","OK"
1994,"Caddo","40015","OK"
1995,"Canadian","40017","OK"
1996,"Carter","40019","OK"
1997,"Cherokee","40021","OK"
1998,"Choctaw","40023","OK"
1999,"Cimarron","40025","OK"
2000,"Cleveland","40027","OK"
2001,"Coal","40029","OK"
2002,"Comanche","40031","OK"
2003,"Cotton","40033","OK"
2004,"Craig","40035","OK"
2005,"Creek","40037","OK"
2006,"Custer","40039","OK"
2007,"Delaware","40041","OK"
2008,"Dewey","40043","OK"
2009,"Ellis","40045","OK"
2010,"Garfield","40047","OK"
2011,"Garvin","40049","OK"
2012,"Grady","40051","OK"
2013,"Grant","40053","OK"
2014,"Greer","40055","OK"
2015,"Harmon","40057","OK"
2016,"Harper","40059","OK"
2017,"Haskell","40061","OK"
2018,"Hughes","40063","OK"
2019,"Jackson","40065","OK"
2020,"Jefferson","40067","OK"
2021,"Johnston","40069","OK"
2022,"Kay","40071","OK"
2023,"Kingfisher","40073","OK"
2024,"Kiowa","40075","OK"
2025,"Latimer","40077","OK"
2026,"Le Flore","40079","OK"
2027,"Lincoln","40081","OK"
2028,"Logan","40083","OK"
2029,"Love","40085","OK"
2030,"McClain","40087","OK"
2031,"McCurtain","40089","OK"
2032,"McIntosh","40091","OK"
2033,"Major","40093","OK"
2034,"Marshall","40095","OK"
2035,"Mayes","40097","OK"
2036,"Murray","40099","OK"
2037,"Muskogee","40101","OK"
2038,"Noble","40103","OK"
2039,"Nowata","40105","OK"
2040,"Okfuskee","40107","OK"
2041,"Oklahoma","40109","OK"
2042,"Okmulgee","40111","OK"
2043,"Osage","40113","OK"
2044,"Ottawa","40115","OK"
2045,"Pawnee","40117","OK"
2046,"Payne","40119","OK"
2047,"Pittsburg","40121","OK"
2048,"Pontotoc","40123","OK"
2049,"Pottawatomie","40125","OK"
2050,"Pushmataha","40127","OK"
2051,"Roger Mills","40129","OK"
2052,"Rogers","40131","OK"
2053,"Seminole","40133","OK"
2054,"Sequoyah","40135","OK"
2055,"Stephens","40137","OK"
2056,"Texas","40139","OK"
2057,"Tillman","40141","OK"
2058,"Tulsa","40143","OK"
2059,"Wagoner","40145","OK"
2060,"Washington","40147","OK"
2061,"Washita","40149","OK"
2062,"Woods","40151","OK"
2063,"Woodward","40153","OK"
2064,"Baker","41001","OR"
2065,"Benton","41003","OR"
2066,"Clackamas","41005","OR"
2067,"Columbia","41009","OR"
2068,"Coos","41011","OR"
2069,"Crook","41013","OR"
2070,"Deschutes","41017","OR"
2071,"Douglas","41019","OR"
2072,"Gilliam","41021","OR"
2073,"Grant","41023","OR"
2074,"Harney","41025","OR"
2075,"Hood River","41027","OR"
2076,"Jackson","41029","OR"
2077,"Jefferson","41031","OR"
2078,"Josephine","41033","OR"
2079,"Klamath","41035","OR"
2080,"Lake","41037","OR"
2081,"Lane","41039","OR"
2082,"Linn","41043","OR"
2083,"Malheur","41045","OR"
2084,"Marion","41047","OR"
2085,"Morrow","41049","OR"
2086,"Multnomah","41051","OR"
2087,"Polk","41053","OR"
2088,"Sherman","41055","OR"
2089,"Umatilla","41059","OR"
2090,"Union","41061","OR"
2091,"Wallowa","41063","OR"
2092,"Wasco","41065","OR"
2093,"Washington","41067","OR"
2094,"Wheeler","41069","OR"
2095,"Yamhill","41071","OR"
2096,"Adams","42001","PA"
2097,"Allegheny","42003","PA"
2098,"Armstrong","42005","PA"
2099,"Beaver","42007","PA"
2100,"Bedford","42009","PA"
2101,"Berks","42011","PA"
2102,"Blair","42013","PA"
2103,"Bradford","42015","PA"
2104,"Bucks","42017","PA"
2105,"Butler","42019","PA"
2106,"Cambria","42021","PA"
2107,"Cameron","42023","PA"
2108,"Carbon","42025","PA"
2109,"Centre","42027","PA"
2110,"Chester","42029","PA"
2111,"Clarion","42031","PA"
2112,"Clearfield","42033","PA"
2113,"Clinton","42035","PA"
2114,"Columbia","42037","PA"
2115,"Crawford","42039","PA"
2116,"Cumberland","42041","PA"
2117,"Dauphin","42043","PA"
2118,"Delaware","42045","PA"
2119,"Elk","42047","PA"
2120,"Erie","42049","PA"
2121,"Fayette","42051","PA"
2122,"Forest","42053","PA"
2123,"Franklin","42055","PA"
2124,"Fulton","42057","PA"
2125,"Greene","42059","PA"
2126,"Huntingdon","42061","PA"
2127,"Indiana","42063","PA"
2128,"Jefferson","42065","PA"
2129,"Juniata","42067","PA"
2130,"Lackawanna","42069","PA"
2131,"Lancaster","42071","PA"
2132,"Lawrence","42073","PA"
2133,"Lebanon","42075","PA"
2134,"Lehigh","42077","PA"
2135,"Luzerne","42079","PA"
2136,"Lycoming","42081","PA"
2137,"McKean","42083","PA"
2138,"Mercer","42085","PA"
2139,"Mifflin","42087","PA"
2140,"Monroe","42089","PA"
2141,"Montgomery","42091","PA"
2142,"Montour","42093","PA"
2143,"Northampton","42095","PA"
2144,"Northumberland","42097","PA"
2145,"Perry","42099","PA"
2146,"Pike","42103","PA"
2147,"Potter","42105","PA"
2148,"Schuylkill","42107","PA"
2149,"Snyder","42109","PA"
2150,"Somerset","42111","PA"
2151,"Sullivan","42113","PA"
2152,"Susquehanna","42115","PA"
2153,"Tioga","42117","PA"
2154,"Union","42119","PA"
2155,"Venango","42121","PA"
2156,"Warren","42123","PA"
2157,"Washington","42125","PA"
2158,"Wayne","42127","PA"
2159,"Westmoreland","42129","PA"
2160,"Wyoming","42131","PA"
2161,"York","42133","PA"
2162,"Bristol","44001","RI"
2163,"Kent","44003","RI"
2164,"Newport","44005","RI"
2165,"Providence","44007","RI"
2166,"Washington","44009","RI"
2167,"Abbeville","45001","SC"
2168,"Aiken","45003","SC"
2169,"Allendale","45005","SC"
2170,"Anderson","45007","SC"
2171,"Bamberg","45009","SC"
2172,"Barnwell","45011","SC"
2173,"Beaufort","45013","SC"
2174,"Berkeley","45015","SC"
2175,"Calhoun","45017","SC"
2176,"Charleston","45019","SC"
2177,"Cherokee","45021","SC"
2178,"Chester","45023","SC"
2179,"Chesterfield","45025","SC"
2180,"Clarendon","45027","SC"
2181,"Colleton","45029","SC"
2182,"Darlington","45031","SC"
2183,"Dillon","45033","SC"
2184,"Dorchester","45035","SC"
2185,"Edgefield","45037","SC"
2186,"Fairfield","45039","SC"
2187,"Florence","45041","SC"
2188,"Georgetown","45043","SC"
2189,"Greenville","45045","SC"
2190,"Greenwood","45047","SC"
2191,"Hampton","45049","SC"
2192,"Horry","45051","SC"
2193,"Jasper","45053","SC"
2194,"Kershaw","45055","SC"
2195,"Lancaster","45057","SC"
2196,"Laurens","45059","SC"
2197,"Lee","45061","SC"
2198,"Lexington","45063","SC"
2199,"McCormick","45065","SC"
2200,"Marion","45067","SC"
2201,"Marlboro","45069","SC"
2202,"Newberry","45071","SC"
2203,"Oconee","45073","SC"
2204,"Orangeburg","45075","SC"
2205,"Pickens","45077","SC"
2206,"Richland","45079","SC"
2207,"Saluda","45081","SC"
2208,"Spartanburg","45083","SC"
2209,"Sumter","45085","SC"
2210,"Union","45087","SC"
2211,"Williamsburg","45089","SC"
2212,"York","45091","SC"
2213,"Aurora","46003","SD"
2214,"Beadle","46005","SD"
2215,"Bennett","46007","SD"
2216,"Bon Homme","46009","SD"
2217,"Brookings","46011","SD"
2218,"Brown","46013","SD"
2219,"Brule","46015","SD"
2220,"Buffalo","46017","SD"
2221,"Butte","46019","SD"
2222,"Campbell","46021","SD"
2223,"Charles Mix","46023","SD"
2224,"Clark","46025","SD"
2225,"Clay","46027","SD"
2226,"Codington","46029","SD"
2227,"Corson","46031","SD"
2228,"Custer","46033","SD"
2229,"Davison","46035","SD"
2230,"Day","46037","SD"
2231,"Deuel","46039","SD"
2232,"Dewey","46041","SD"
2233,"Douglas","46043","SD"
2234,"Edmunds","46045","SD"
2235,"Fall River","46047","SD"
2236,"Faulk","46049","SD"
2237,"Grant","46051","SD"
2238,"Gregory","46053","SD"
2239,"Haakon","46055","SD"
2240,"Hamlin","46057","SD"
2241,"Hand","46059","SD"
2242,"Hanson","46061","SD"
2243,"Harding","46063","SD"
2244,"Hughes","46065","SD"
2245,"Hutchinson","46067","SD"
2246,"Hyde","46069","SD"
2247,"Jackson","46071","SD"
2248,"Jerauld","46073","SD"
2249,"Jones","46075","SD"
2250,"Kingsbury","46077","SD"
2251,"Lake","46079","SD"
2252,"Lawrence","46081","SD"
2253,"Lincoln","46083","SD"
2254,"Lyman","46085","SD"
2255,"McCook","46087","SD"
2256,"McPherson","46089","SD"
2257,"Marshall","46091","SD"
2258,"Meade","46093","SD"
2259,"Mellette","46095","SD"
2260,"Miner","46097","SD"
2261,"Minnehaha","46099","SD"
2262,"Moody","46101","SD"
2263,"Pennington","46103","SD"
2264,"Perkins","46105","SD"
2265,"Potter","46107","SD"
2266,"Roberts","46109","SD"
2267,"Sanborn","46111","SD"
2268,"Shannon","46113","SD"
2269,"Spink","46115","SD"
2270,"Stanley","46117","SD"
2271,"Sully","46119","SD"
2272,"Todd","46121","SD"
2273,"Tripp","46123","SD"
2274,"Turner","46125","SD"
2275,"Union","46127","SD"
2276,"Walworth","46129","SD"
2277,"Yankton","46135","SD"
2278,"Ziebach","46137","SD"
2279,"Anderson","47001","TN"
2280,"Bedford","47003","TN"
2281,"Benton","47005","TN"
2282,"Bledsoe","47007","TN"
2283,"Blount","47009","TN"
2284,"Bradley","47011","TN"
2285,"Campbell","47013","TN"
2286,"Cannon","47015","TN"
2287,"Carroll","47017","TN"
2288,"Carter","47019","TN"
2289,"Cheatham","47021","TN"
2290,"Chester","47023","TN"
2291,"Claiborne","47025","TN"
2292,"Clay","47027","TN"
2293,"Cocke","47029","TN"
2294,"Coffee","47031","TN"
2295,"Crockett","47033","TN"
2296,"Cumberland","47035","TN"
2297,"Davidson","47037","TN"
2298,"Decatur","47039","TN"
2299,"DeKalb","47041","TN"
2300,"Dickson","47043","TN"
2301,"Dyer","47045","TN"
2302,"Fayette","47047","TN"
2303,"Fentress","47049","TN"
2304,"Franklin","47051","TN"
2305,"Gibson","47053","TN"
2306,"Giles","47055","TN"
2307,"Grainger","47057","TN"
2308,"Greene","47059","TN"
2309,"Grundy","47061","TN"
2310,"Hamblen","47063","TN"
2311,"Hamilton","47065","TN"
2312,"Hancock","47067","TN"
2313,"Hardeman","47069","TN"
2314,"Hardin","47071","TN"
2315,"Hawkins","47073","TN"
2316,"Haywood","47075","TN"
2317,"Henderson","47077","TN"
2318,"Henry","47079","TN"
2319,"Hickman","47081","TN"
2320,"Houston","47083","TN"
2321,"Humphreys","47085","TN"
2322,"Jackson","47087","TN"
2323,"Jefferson","47089","TN"
2324,"Johnson","47091","TN"
2325,"Knox","47093","TN"
2326,"Lake","47095","TN"
2327,"Lauderdale","47097","TN"
2328,"Lawrence","47099","TN"
2329,"Lewis","47101","TN"
2330,"Lincoln","47103","TN"
2331,"Loudon","47105","TN"
2332,"McMinn","47107","TN"
2333,"McNairy","47109","TN"
2334,"Macon","47111","TN"
2335,"Madison","47113","TN"
2336,"Marion","47115","TN"
2337,"Marshall","47117","TN"
2338,"Maury","47119","TN"
2339,"Meigs","47121","TN"
2340,"Monroe","47123","TN"
2341,"Montgomery","47125","TN"
2342,"Moore","47127","TN"
2343,"Morgan","47129","TN"
2344,"Obion","47131","TN"
2345,"Overton","47133","TN"
2346,"Perry","47135","TN"
2347,"Pickett","47137","TN"
2348,"Polk","47139","TN"
2349,"Putnam","47141","TN"
2350,"Rhea","47143","TN"
2351,"Roane","47145","TN"
2352,"Robertson","47147","TN"
2353,"Rutherford","47149","TN"
2354,"Scott","47151","TN"
2355,"Sequatchie","47153","TN"
2356,"Sevier","47155","TN"
2357,"Shelby","47157","TN"
2358,"Smith","47159","TN"
2359,"Stewart","47161","TN"
2360,"Sullivan","47163","TN"
2361,"Sumner","47165","TN"
2362,"Tipton","47167","TN"
2363,"Trousdale","47169","TN"
2364,"Unicoi","47171","TN"
2365,"Union","47173","TN"
2366,"Van Buren","47175","TN"
2367,"Warren","47177","TN"
2368,"Washington","47179","TN"
2369,"Wayne","47181","TN"
2370,"Weakley","47183","TN"
2371,"White","47185","TN"
2372,"Williamson","47187","TN"
2373,"Wilson","47189","TN"
2374,"Anderson","48001","TX"
2375,"Andrews","48003","TX"
2376,"Angelina","48005","TX"
2377,"Aransas","48007","TX"
2378,"Archer","48009","TX"
2379,"Armstrong","48011","TX"
2380,"Atascosa","48013","TX"
2381,"Austin","48015","TX"
2382,"Bailey","48017","TX"
2383,"Bandera","48019","TX"
2384,"Bastrop","48021","TX"
2385,"Baylor","48023","TX"
2386,"Bee","48025","TX"
2387,"Bell","48027","TX"
2388,"Bexar","48029","TX"
2389,"Blanco","48031","TX"
2390,"Borden","48033","TX"
2391,"Bosque","48035","TX"
2392,"Bowie","48037","TX"
2393,"Brazoria","48039","TX"
2394,"Brazos","48041","TX"
2395,"Briscoe","48045","TX"
2396,"Brooks","48047","TX"
2397,"Brown","48049","TX"
2398,"Burleson","48051","TX"
2399,"Burnet","48053","TX"
2400,"Caldwell","48055","TX"
2401,"Calhoun","48057","TX"
2402,"Callahan","48059","TX"
2403,"Cameron","48061","TX"
2404,"Camp","48063","TX"
2405,"Carson","48065","TX"
2406,"Cass","48067","TX"
2407,"Castro","48069","TX"
2408,"Chambers","48071","TX"
2409,"Cherokee","48073","TX"
2410,"Childress","48075","TX"
2411,"Clay","48077","TX"
2412,"Cochran","48079","TX"
2413,"Coke","48081","TX"
2414,"Coleman","48083","TX"
2415,"Collin","48085","TX"
2416,"Collingsworth","48087","TX"
2417,"Colorado","48089","TX"
2418,"Comal","48091","TX"
2419,"Comanche","48093","TX"
2420,"Concho","48095","TX"
2421,"Cooke","48097","TX"
2422,"Coryell","48099","TX"
2423,"Cottle","48101","TX"
2424,"Crockett","48105","TX"
2425,"Crosby","48107","TX"
2426,"Culberson","48109","TX"
2427,"Dallam","48111","TX"
2428,"Dallas","48113","TX"
2429,"Dawson","48115","TX"
2430,"Deaf Smith","48117","TX"
2431,"Delta","48119","TX"
2432,"Denton","48121","TX"
2433,"DeWitt","48123","TX"
2434,"Dickens","48125","TX"
2435,"Dimmit","48127","TX"
2436,"Donley","48129","TX"
2437,"Duval","48131","TX"
2438,"Eastland","48133","TX"
2439,"Edwards","48137","TX"
2440,"Ellis","48139","TX"
2441,"El Paso","48141","TX"
2442,"Erath","48143","TX"
2443,"Falls","48145","TX"
2444,"Fannin","48147","TX"
2445,"Fayette","48149","TX"
2446,"Fisher","48151","TX"
2447,"Floyd","48153","TX"
2448,"Foard","48155","TX"
2449,"Fort Bend","48157","TX"
2450,"Franklin","48159","TX"
2451,"Freestone","48161","TX"
2452,"Frio","48163","TX"
2453,"Gaines","48165","TX"
2454,"Galveston","48167","TX"
2455,"Garza","48169","TX"
2456,"Gillespie","48171","TX"
2457,"Glasscock","48173","TX"
2458,"Goliad","48175","TX"
2459,"Gonzales","48177","TX"
2460,"Gray","48179","TX"
2461,"Grayson","48181","TX"
2462,"Grimes","48185","TX"
2463,"Guadalupe","48187","TX"
2464,"Hale","48189","TX"
2465,"Hall","48191","TX"
2466,"Hamilton","48193","TX"
2467,"Hansford","48195","TX"
2468,"Hardeman","48197","TX"
2469,"Hardin","48199","TX"
2470,"Harris","48201","TX"
2471,"Harrison","48203","TX"
2472,"Hartley","48205","TX"
2473,"Haskell","48207","TX"
2474,"Hays","48209","TX"
2475,"Hemphill","48211","TX"
2476,"Henderson","48213","TX"
2477,"Hidalgo","48215","TX"
2478,"Hill","48217","TX"
2479,"Hockley","48219","TX"
2480,"Hood","48221","TX"
2481,"Hopkins","48223","TX"
2482,"Houston","48225","TX"
2483,"Howard","48227","TX"
2484,"Hudspeth","48229","TX"
2485,"Hunt","48231","TX"
2486,"Hutchinson","48233","TX"
2487,"Irion","48235","TX"
2488,"Jack","48237","TX"
2489,"Jackson","48239","TX"
2490,"Jeff Davis","48243","TX"
2491,"Jefferson","48245","TX"
2492,"Jim Hogg","48247","TX"
2493,"Jim Wells","48249","TX"
2494,"Johnson","48251","TX"
2495,"Jones","48253","TX"
2496,"Karnes","48255","TX"
2497,"Kaufman","48257","TX"
2498,"Kendall","48259","TX"
2499,"Kent","48263","TX"
2500,"Kerr","48265","TX"
2501,"Kimble","48267","TX"
2502,"King","48269","TX"
2503,"Kinney","48271","TX"
2504,"Kleberg","48273","TX"
2505,"Knox","48275","TX"
2506,"Lamar","48277","TX"
2507,"Lamb","48279","TX"
2508,"Lampasas","48281","TX"
2509,"La Salle","48283","TX"
2510,"Lavaca","48285","TX"
2511,"Lee","48287","TX"
2512,"Leon","48289","TX"
2513,"Liberty","48291","TX"
2514,"Limestone","48293","TX"
2515,"Lipscomb","48295","TX"
2516,"Live Oak","48297","TX"
2517,"Llano","48299","TX"
2518,"Lubbock","48303","TX"
2519,"Lynn","48305","TX"
2520,"McCulloch","48307","TX"
2521,"McLennan","48309","TX"
2522,"McMullen","48311","TX"
2523,"Madison","48313","TX"
2524,"Martin","48317","TX"
2525,"Mason","48319","TX"
2526,"Matagorda","48321","TX"
2527,"Maverick","48323","TX"
2528,"Medina","48325","TX"
2529,"Menard","48327","TX"
2530,"Midland","48329","TX"
2531,"Milam","48331","TX"
2532,"Mills","48333","TX"
2533,"Mitchell","48335","TX"
2534,"Montague","48337","TX"
2535,"Moore","48341","TX"
2536,"Morris","48343","TX"
2537,"Motley","48345","TX"
2538,"Nacogdoches","48347","TX"
2539,"Navarro","48349","TX"
2540,"Nolan","48353","TX"
2541,"Nueces","48355","TX"
2542,"Ochiltree","48357","TX"
2543,"Oldham","48359","TX"
2544,"Orange","48361","TX"
2545,"Palo Pinto","48363","TX"
2546,"Panola","48365","TX"
2547,"Parker","48367","TX"
2548,"Parmer","48369","TX"
2549,"Pecos","48371","TX"
2550,"Polk","48373","TX"
2551,"Potter","48375","TX"
2552,"Presidio","48377","TX"
2553,"Rains","48379","TX"
2554,"Randall","48381","TX"
2555,"Reagan","48383","TX"
2556,"Real","48385","TX"
2557,"Red River","48387","TX"
2558,"Reeves","48389","TX"
2559,"Refugio","48391","TX"
2560,"Roberts","48393","TX"
2561,"Robertson","48395","TX"
2562,"Rockwall","48397","TX"
2563,"Runnels","48399","TX"
2564,"Rusk","48401","TX"
2565,"Sabine","48403","TX"
2566,"San Augustine","48405","TX"
2567,"San Jacinto","48407","TX"
2568,"San Patricio","48409","TX"
2569,"San Saba","48411","TX"
2570,"Schleicher","48413","TX"
2571,"Scurry","48415","TX"
2572,"Shackelford","48417","TX"
2573,"Shelby","48419","TX"
2574,"Sherman","48421","TX"
2575,"Smith","48423","TX"
2576,"Somervell","48425","TX"
2577,"Starr","48427","TX"
2578,"Stephens","48429","TX"
2579,"Sterling","48431","TX"
2580,"Stonewall","48433","TX"
2581,"Sutton","48435","TX"
2582,"Swisher","48437","TX"
2583,"Tarrant","48439","TX"
2584,"Taylor","48441","TX"
2585,"Terry","48445","TX"
2586,"Throckmorton","48447","TX"
2587,"Titus","48449","TX"
2588,"Tom Green","48451","TX"
2589,"Travis","48453","TX"
2590,"Upton","48461","TX"
2591,"Uvalde","48463","TX"
2592,"Val Verde","48465","TX"
2593,"Van Zandt","48467","TX"
2594,"Victoria","48469","TX"
2595,"Waller","48473","TX"
2596,"Ward","48475","TX"
2597,"Washington","48477","TX"
2598,"Webb","48479","TX"
2599,"Wharton","48481","TX"
2600,"Wheeler","48483","TX"
2601,"Wichita","48485","TX"
2602,"Wilbarger","48487","TX"
2603,"Willacy","48489","TX"
2604,"Williamson","48491","TX"
2605,"Wilson","48493","TX"
2606,"Wise","48497","TX"
2607,"Wood","48499","TX"
2608,"Yoakum","48501","TX"
2609,"Young","48503","TX"
2610,"Zapata","48505","TX"
2611,"Zavala","48507","TX"
2612,"Beaver","49001","UT"
2613,"Box Elder","49003","UT"
2614,"Cache","49005","UT"
2615,"Carbon","49007","UT"
2616,"Davis","49011","UT"
2617,"Duchesne","49013","UT"
2618,"Emery","49015","UT"
2619,"Garfield","49017","UT"
2620,"Iron","49021","UT"
2621,"Juab","49023","UT"
2622,"Kane","49025","UT"
2623,"Millard","49027","UT"
2624,"Morgan","49029","UT"
2625,"Piute","49031","UT"
2626,"Rich","49033","UT"
2627,"Salt Lake","49035","UT"
2628,"San Juan","49037","UT"
2629,"Sanpete","49039","UT"
2630,"Sevier","49041","UT"
2631,"Summit","49043","UT"
2632,"Tooele","49045","UT"
2633,"Uintah","49047","UT"
2634,"Utah","49049","UT"
2635,"Wasatch","49051","UT"
2636,"Washington","49053","UT"
2637,"Wayne","49055","UT"
2638,"Weber","49057","UT"
2639,"Addison","50001","VT"
2640,"Bennington","50003","VT"
2641,"Caledonia","50005","VT"
2642,"Chittenden","50007","VT"
2643,"Essex","50009","VT"
2644,"Franklin","50011","VT"
2645,"Grand Isle","50013","VT"
2646,"Lamoille","50015","VT"
2647,"Orange","50017","VT"
2648,"Orleans","50019","VT"
2649,"Rutland","50021","VT"
2650,"Washington","50023","VT"
2651,"Windham","50025","VT"
2652,"Windsor","50027","VT"
2653,"Accomack","51001","VA"
2654,"Albemarle","51003","VA"
2655,"Alleghany","51005","VA"
2656,"Amelia","51007","VA"
2657,"Amherst","51009","VA"
2658,"Appomattox","51011","VA"
2659,"Augusta","51015","VA"
2660,"Bath","51017","VA"
2661,"Bedford","51019","VA"
2662,"Bland","51021","VA"
2663,"Botetourt","51023","VA"
2664,"Brunswick","51025","VA"
2665,"Buchanan","51027","VA"
2666,"Buckingham","51029","VA"
2667,"Campbell","51031","VA"
2668,"Caroline","51033","VA"
2669,"Carroll","51035","VA"
2670,"Charles City","51036","VA"
2671,"Charlotte","51037","VA"
2672,"Chesterfield","51041","VA"
2673,"Clarke","51043","VA"
2674,"Craig","51045","VA"
2675,"Culpeper","51047","VA"
2676,"Cumberland","51049","VA"
2677,"Dickenson","51051","VA"
2678,"Dinwiddie","51053","VA"
2679,"Essex","51057","VA"
2680,"Fauquier","51061","VA"
2681,"Floyd","51063","VA"
2682,"Fluvanna","51065","VA"
2683,"Franklin","51067","VA"
2684,"Frederick","51069","VA"
2685,"Giles","51071","VA"
2686,"Gloucester","51073","VA"
2687,"Goochland","51075","VA"
2688,"Grayson","51077","VA"
2689,"Greene","51079","VA"
2690,"Greensville","51081","VA"
2691,"Halifax","51083","VA"
2692,"Hanover","51085","VA"
2693,"Henrico","51087","VA"
2694,"Henry","51089","VA"
2695,"Highland","51091","VA"
2696,"Isle of Wight","51093","VA"
2697,"James City","51095","VA"
2698,"King and Queen","51097","VA"
2699,"King George","51099","VA"
2700,"King William","51101","VA"
2701,"Lancaster","51103","VA"
2702,"Lee","51105","VA"
2703,"Loudoun","51107","VA"
2704,"Louisa","51109","VA"
2705,"Lunenburg","51111","VA"
2706,"Madison","51113","VA"
2707,"Mathews","51115","VA"
2708,"Mecklenburg","51117","VA"
2709,"Middlesex","51119","VA"
2710,"Montgomery","51121","VA"
2711,"Nelson","51125","VA"
2712,"New Kent","51127","VA"
2713,"Northampton","51131","VA"
2714,"Northumberland","51133","VA"
2715,"Nottoway","51135","VA"
2716,"Orange","51137","VA"
2717,"Page","51139","VA"
2718,"Patrick","51141","VA"
2719,"Pittsylvania","51143","VA"
2720,"Powhatan","51145","VA"
2721,"Prince Edward","51147","VA"
2722,"Prince George","51149","VA"
2723,"Prince William","51153","VA"
2724,"Pulaski","51155","VA"
2725,"Rappahannock","51157","VA"
2726,"Richmond","51159","VA"
2727,"Roanoke","51161","VA"
2728,"Rockbridge","51163","VA"
2729,"Rockingham","51165","VA"
2730,"Russell","51167","VA"
2731,"Scott","51169","VA"
2732,"Shenandoah","51171","VA"
2733,"Smyth","51173","VA"
2734,"Southampton","51175","VA"
2735,"Spotsylvania","51177","VA"
2736,"Stafford","51179","VA"
2737,"Surry","51181","VA"
2738,"Sussex","51183","VA"
2739,"Tazewell","51185","VA"
2740,"Warren","51187","VA"
2741,"Washington","51191","VA"
2742,"Westmoreland","51193","VA"
2743,"Wise","51195","VA"
2744,"Wythe","51197","VA"
2745,"York","51199","VA"
2746,"Chesapeake (city)","51550","VA"
2747,"Suffolk (city)","51800","VA"
2748,"Virginia Beach (city)","51810","VA"
2749,"Adams","53001","WA"
2750,"Asotin","53003","WA"
2751,"Benton","53005","WA"
2752,"Chelan","53007","WA"
2753,"Clallam","53009","WA"
2754,"Clark","53011","WA"
2755,"Columbia","53013","WA"
2756,"Cowlitz","53015","WA"
2757,"Douglas","53017","WA"
2758,"Ferry","53019","WA"
2759,"Franklin","53021","WA"
2760,"Garfield","53023","WA"
2761,"Grant","53025","WA"
2762,"Grays Harbor","53027","WA"
2763,"Island","53029","WA"
2764,"Jefferson","53031","WA"
2765,"King","53033","WA"
2766,"Kittitas","53037","WA"
2767,"Klickitat","53039","WA"
2768,"Lewis","53041","WA"
2769,"Lincoln","53043","WA"
2770,"Okanogan","53047","WA"
2771,"Pend Oreille","53051","WA"
2772,"Pierce","53053","WA"
2773,"Skagit","53057","WA"
2774,"Snohomish","53061","WA"
2775,"Spokane","53063","WA"
2776,"Stevens","53065","WA"
2777,"Thurston","53067","WA"
2778,"Wahkiakum","53069","WA"
2779,"Walla Walla","53071","WA"
2780,"Whatcom","53073","WA"
2781,"Whitman","53075","WA"
2782,"Yakima","53077","WA"
2783,"Barbour","54001","WV"
2784,"Berkeley","54003","WV"
2785,"Boone","54005","WV"
2786,"Braxton","54007","WV"
2787,"Brooke","54009","WV"
2788,"Cabell","54011","WV"
2789,"Calhoun","54013","WV"
2790,"Clay","54015","WV"
2791,"Doddridge","54017","WV"
2792,"Fayette","54019","WV"
2793,"Gilmer","54021","WV"
2794,"Grant","54023","WV"
2795,"Greenbrier","54025","WV"
2796,"Hampshire","54027","WV"
2797,"Hancock","54029","WV"
2798,"Hardy","54031","WV"
2799,"Harrison","54033","WV"
2800,"Jackson","54035","WV"
2801,"Jefferson","54037","WV"
2802,"Kanawha","54039","WV"
2803,"Lewis","54041","WV"
2804,"Lincoln","54043","WV"
2805,"Logan","54045","WV"
2806,"Marion","54049","WV"
2807,"Marshall","54051","WV"
2808,"Mason","54053","WV"
2809,"Mercer","54055","WV"
2810,"Mineral","54057","WV"
2811,"Monongalia","54061","WV"
2812,"Monroe","54063","WV"
2813,"Morgan","54065","WV"
2814,"Nicholas","54067","WV"
2815,"Ohio","54069","WV"
2816,"Pendleton","54071","WV"
2817,"Pleasants","54073","WV"
2818,"Pocahontas","54075","WV"
2819,"Preston","54077","WV"
2820,"Putnam","54079","WV"
2821,"Raleigh","54081","WV"
2822,"Randolph","54083","WV"
2823,"Ritchie","54085","WV"
2824,"Roane","54087","WV"
2825,"Summers","54089","WV"
2826,"Taylor","54091","WV"
2827,"Tucker","54093","WV"
2828,"Tyler","54095","WV"
2829,"Upshur","54097","WV"
2830,"Wayne","54099","WV"
2831,"Webster","54101","WV"
2832,"Wetzel","54103","WV"
2833,"Wirt","54105","WV"
2834,"Wood","54107","WV"
2835,"Wyoming","54109","WV"
2836,"Adams","55001","WI"
2837,"Ashland","55003","WI"
2838,"Barron","55005","WI"
2839,"Bayfield","55007","WI"
2840,"Brown","55009","WI"
2841,"Buffalo","55011","WI"
2842,"Burnett","55013","WI"
2843,"Calumet","55015","WI"
2844,"Chippewa","55017","WI"
2845,"Clark","55019","WI"
2846,"Columbia","55021","WI"
2847,"Crawford","55023","WI"
2848,"Dane","55025","WI"
2849,"Dodge","55027","WI"
2850,"Door","55029","WI"
2851,"Douglas","55031","WI"
2852,"Dunn","55033","WI"
2853,"Eau Claire","55035","WI"
2854,"Florence","55037","WI"
2855,"Fond du Lac","55039","WI"
2856,"Forest","55041","WI"
2857,"Grant","55043","WI"
2858,"Green","55045","WI"
2859,"Green Lake","55047","WI"
2860,"Iowa","55049","WI"
2861,"Iron","55051","WI"
2862,"Jackson","55053","WI"
2863,"Jefferson","55055","WI"
2864,"Juneau","55057","WI"
2865,"Kenosha","55059","WI"
2866,"Kewaunee","55061","WI"
2867,"La Crosse","55063","WI"
2868,"Lafayette","55065","WI"
2869,"Langlade","55067","WI"
2870,"Lincoln","55069","WI"
2871,"Manitowoc","55071","WI"
2872,"Marathon","55073","WI"
2873,"Marinette","55075","WI"
2874,"Marquette","55077","WI"
2875,"Menominee","55078","WI"
2876,"Milwaukee","55079","WI"
2877,"Monroe","55081","WI"
2878,"Oconto","55083","WI"
2879,"Oneida","55085","WI"
2880,"Outagamie","55087","WI"
2881,"Ozaukee","55089","WI"
2882,"Pepin","55091","WI"
2883,"Pierce","55093","WI"
2884,"Polk","55095","WI"
2885,"Portage","55097","WI"
2886,"Price","55099","WI"
2887,"Racine","55101","WI"
2888,"Richland","55103","WI"
2889,"Rock","55105","WI"
2890,"Rusk","55107","WI"
2891,"St. Croix","55109","WI"
2892,"Sauk","55111","WI"
2893,"Sawyer","55113","WI"
2894,"Shawano","55115","WI"
2895,"Sheboygan","55117","WI"
2896,"Taylor","55119","WI"
2897,"Trempealeau","55121","WI"
2898,"Vernon","55123","WI"
2899,"Vilas","55125","WI"
2900,"Walworth","55127","WI"
2901,"Washburn","55129","WI"
2902,"Washington","55131","WI"
2903,"Waukesha","55133","WI"
2904,"Waupaca","55135","WI"
2905,"Waushara","55137","WI"
2906,"Winnebago","55139","WI"
2907,"Wood","55141","WI"
2908,"Big Horn","56003","WY"
2909,"Campbell","56005","WY"
2910,"Carbon","56007","WY"
2911,"Converse","56009","WY"
2912,"Crook","56011","WY"
2913,"Fremont","56013","WY"
2914,"Goshen","56015","WY"
2915,"Hot Springs","56017","WY"
2916,"Johnson","56019","WY"
2917,"Laramie","56021","WY"
2918,"Lincoln","56023","WY"
2919,"Natrona","56025","WY"
2920,"Niobrara","56027","WY"
2921,"Park","56029","WY"
2922,"Platte","56031","WY"
2923,"Sheridan","56033","WY"
2924,"Sweetwater","56037","WY"
2925,"Teton","56039","WY"
2926,"Uinta","56041","WY"
2927,"Washakie","56043","WY"
2928,"Weston","56045","WY"
2929,"Emporia (city)","51595","VA"
2930,"Fairfax (city)","51600","VA"
2931,"Falls Church (city)","51610","VA"
2932,"Franklin (city)","51620","VA"
2933,"Fredericksburg (city)","51630","VA"
2934,"Galax (city)","51640","VA"
2935,"Hampton (city)","51650","VA"
2936,"Harrisonburg (city)","51660","VA"
2937,"Hopewell (city)","51670","VA"
2938,"Lexington (city)","51678","VA"
2939,"Lynchburg (city)","51680","VA"
2940,"Manassas (city)","51683","VA"
2941,"Manassas Park (city)","51685","VA"
2942,"Martinsville (city)","51690","VA"
2943,"Newport News (city)","51700","VA"
2944,"Norfolk (city)","51710","VA"
2945,"Norton (city)","51720","VA"
2946,"Petersburg (city)","51730","VA"
2947,"Poquoson (city)","51735","VA"
2948,"Portsmouth (city)","51740","VA"
2949,"Radford (city)","51750","VA"
2950,"Richmond (city)","51760","VA"
2951,"Roanoke (city)","51770","VA"
2952,"Salem (city)","51775","VA"
2953,"South Boston (city)","51780","VA"
2954,"Staunton (city)","51790","VA"
2955,"Suffolk (city)","51800","VA"
2956,"Virginia Beach (city)","51810","VA"
2957,"Waynesboro (city)","51820","VA"
2958,"Williamsburg (city)","51830","VA"
2959,"Winchester (city)","51840","VA"
2960,"Albemarle + Charlottesville","51901","VA"
2961,"Alleghany, Clifton Forge + Covington","51903","VA"
2962,"Augusta, Staunton + Waynesboro","51907","VA"
2963,"Bedford + Bedford City","51909","VA"
2964,"Campbell + Lynchburg","51911","VA"
2965,"Carroll + Galax","51913","VA"
2966,"Dinwiddie, Colonial Heights + Petersburg","51918","VA"
2967,"Fairfax, Fairfax City + Falls Church","51919","VA"
2968,"Frederick + Winchester","51921","VA"
2969,"Greensville + Emporia","51923","VA"
2970,"Henry + Martinsville","51929","VA"
2971,"James City + Williamsburg","51931","VA"
2972,"Montgomery + Radford","51933","VA"
2973,"Pittsylvania + Danville","51939","VA"
2974,"Prince George + Hopewell","51941","VA"
2975,"Prince William, Manassas + Manassas Park","51942","VA"
2976,"Roanoke + Salem","51944","VA"
2977,"Rockbridge, Buena Vista + Lexington","51945","VA"
2978,"Rockingham + Harrisonburg","51947","VA"
2979,"Southampton + Franklin","51949","VA"
2980,"Spotsylvania + Fredericksburg","51951","VA"
2981,"Washington + Bristol","51953","VA"
2982,"Wise + Norton","51955","VA"
2983,"York + Poquoson","51958","VA"
2984,"Adams","53001","WA"
2985,"Asotin","53003","WA"
2986,"Benton","53005","WA"
2987,"Chelan","53007","WA"
2988,"Clallam","53009","WA"
2989,"Clark","53011","WA"
2990,"Columbia","53013","WA"
2991,"Cowlitz","53015","WA"
2992,"Douglas","53017","WA"
2993,"Ferry","53019","WA"
2994,"Franklin","53021","WA"
2995,"Garfield","53023","WA"
2996,"Grant","53025","WA"
2997,"Grays Harbor","53027","WA"
2998,"Island","53029","WA"
2999,"Jefferson","53031","WA"
3000,"King","53033","WA"
3001,"Kitsap","53035","WA"
3002,"Kittitas","53037","WA"
3003,"Klickitat","53039","WA"
3004,"Lewis","53041","WA"
3005,"Lincoln","53043","WA"
3006,"Mason","53045","WA"
3007,"Okanogan","53047","WA"
3008,"Pacific","53049","WA"
3009,"Pend Oreille","53051","WA"
3010,"Pierce","53053","WA"
3011,"San Juan","53055","WA"
3012,"Skagit","53057","WA"
3013,"Skamania","53059","WA"
3014,"Snohomish","53061","WA"
3015,"Spokane","53063","WA"
3016,"Stevens","53065","WA"
3017,"Thurston","53067","WA"
3018,"Wahkiakum","53069","WA"
3019,"Walla Walla","53071","WA"
3020,"Whatcom","53073","WA"
3021,"Whitman","53075","WA"
3022,"Yakima","53077","WA"
3023,"Barbour","54001","WV"
3024,"Berkeley","54003","WV"
3025,"Boone","54005","WV"
3026,"Braxton","54007","WV"
3027,"Brooke","54009","WV"
3028,"Cabell","54011","WV"
3029,"Calhoun","54013","WV"
3030,"Clay","54015","WV"
3031,"Doddridge","54017","WV"
3032,"Fayette","54019","WV"
3033,"Gilmer","54021","WV"
3034,"Grant","54023","WV"
3035,"Greenbrier","54025","WV"
3036,"Hampshire","54027","WV"
3037,"Hancock","54029","WV"
3038,"Hardy","54031","WV"
3039,"Harrison","54033","WV"
3040,"Jackson","54035","WV"
3041,"Jefferson","54037","WV"
3042,"Kanawha","54039","WV"
3043,"Lewis","54041","WV"
3044,"Lincoln","54043","WV"
3045,"Logan","54045","WV"
3046,"McDowell","54047","WV"
3047,"Marion","54049","WV"
3048,"Marshall","54051","WV"
3049,"Mason","54053","WV"
3050,"Mercer","54055","WV"
3051,"Mineral","54057","WV"
3052,"Mingo","54059","WV"
3053,"Monongalia","54061","WV"
3054,"Monroe","54063","WV"
3055,"Morgan","54065","WV"
3056,"Nicholas","54067","WV"
3057,"Ohio","54069","WV"
3058,"Pendleton","54071","WV"
3059,"Pleasants","54073","WV"
3060,"Pocahontas","54075","WV"
3061,"Preston","54077","WV"
3062,"Putnam","54079","WV"
3063,"Raleigh","54081","WV"
3064,"Randolph","54083","WV"
3065,"Ritchie","54085","WV"
3066,"Roane","54087","WV"
3067,"Summers","54089","WV"
3068,"Taylor","54091","WV"
3069,"Tucker","54093","WV"
3070,"Tyler","54095","WV"
3071,"Upshur","54097","WV"
3072,"Wayne","54099","WV"
3073,"Webster","54101","WV"
3074,"Wetzel","54103","WV"
3075,"Wirt","54105","WV"
3076,"Wood","54107","WV"
3077,"Wyoming","54109","WV"
3078,"Adams","55001","WI"
3079,"Ashland","55003","WI"
3080,"Barron","55005","WI"
3081,"Bayfield","55007","WI"
3082,"Brown","55009","WI"
3083,"Buffalo","55011","WI"
3084,"Burnett","55013","WI"
3085,"Calumet","55015","WI"
3086,"Chippewa","55017","WI"
3087,"Clark","55019","WI"
3088,"Columbia","55021","WI"
3089,"Crawford","55023","WI"
3090,"Dane","55025","WI"
3091,"Dodge","55027","WI"
3092,"Door","55029","WI"
3093,"Douglas","55031","WI"
3094,"Dunn","55033","WI"
3095,"Eau Claire","55035","WI"
3096,"Florence","55037","WI"
3097,"Fond du Lac","55039","WI"
3098,"Forest","55041","WI"
3099,"Grant","55043","WI"
3100,"Green","55045","WI"
3101,"Green Lake","55047","WI"
3102,"Iowa","55049","WI"
3103,"Iron","55051","WI"
3104,"Jackson","55053","WI"
3105,"Jefferson","55055","WI"
3106,"Juneau","55057","WI"
3107,"Kenosha","55059","WI"
3108,"Kewaunee","55061","WI"
3109,"La Crosse","55063","WI"
3110,"Lafayette","55065","WI"
3111,"Langlade","55067","WI"
3112,"Lincoln","55069","WI"
3113,"Manitowoc","55071","WI"
3114,"Marathon","55073","WI"
3115,"Marinette","55075","WI"
3116,"Marquette","55077","WI"
3117,"Menominee","55078","WI"
3118,"Milwaukee","55079","WI"
3119,"Monroe","55081","WI"
3120,"Oconto","55083","WI"
3121,"Oneida","55085","WI"
3122,"Outagamie","55087","WI"
3123,"Ozaukee","55089","WI"
3124,"Pepin","55091","WI"
3125,"Pierce","55093","WI"
3126,"Polk","55095","WI"
3127,"Portage","55097","WI"
3128,"Price","55099","WI"
3129,"Racine","55101","WI"
3130,"Richland","55103","WI"
3131,"Rock","55105","WI"
3132,"Rusk","55107","WI"
3133,"St. Croix","55109","WI"
3134,"Sauk","55111","WI"
3135,"Sawyer","55113","WI"
3136,"Shawano","55115","WI"
3137,"Sheboygan","55117","WI"
3138,"Taylor","55119","WI"
3139,"Trempealeau","55121","WI"
3140,"Vernon","55123","WI"
3141,"Vilas","55125","WI"
3142,"Walworth","55127","WI"
3143,"Washburn","55129","WI"
3144,"Washington","55131","WI"
3145,"Waukesha","55133","WI"
3146,"Waupaca","55135","WI"
3147,"Waushara","55137","WI"
3148,"Winnebago","55139","WI"
3149,"Wood","55141","WI"
3150,"Albany","56001","WY"
3151,"Big Horn","56003","WY"
3152,"Campbell","56005","WY"
3153,"Carbon","56007","WY"
3154,"Converse","56009","WY"
3155,"Crook","56011","WY"
3156,"Fremont","56013","WY"
3157,"Goshen","56015","WY"
3158,"Hot Springs","56017","WY"
3159,"Johnson","56019","WY"
3160,"Laramie","56021","WY"
3161,"Lincoln","56023","WY"
3162,"Natrona","56025","WY"
3163,"Niobrara","56027","WY"
3164,"Park","56029","WY"
3165,"Platte","56031","WY"
3166,"Sheridan","56033","WY"
3167,"Sublette","56035","WY"
3168,"Sweetwater","56037","WY"
3169,"Teton","56039","WY"
3170,"Uinta","56041","WY"
3171,"Washakie","56043","WY"
3172,"Weston","56045","WY"
3175,"San Francisco","6075","CA"
3176,"San Mateo","6081","CA"
3177,"San Diego","6073","CA"
3178,"Calaveras","6009","CA"
3179,"Del Norte","6015","CA"
3180,"El Dorado","6017","CA"
3181,"Mariposa","6043","CA"
3182,"Mendocino","6045","CA"
3183,"Napa","6055","CA"
3184,"Santa Cruz","6087","CA"
3185,"Tuolumne","6109","CA"
3186,"Ventura","6111","CA"
3187,"Inyo","6027","CA"
3188,"ADJUNTAS",,"PR"
3189,"AGUADA",,"PR"
3190,"AGUADILLA",,"PR"
3191,"AGUAS BUENAS",,"PR"
3192,"AIBONITO",,"PR"
3193,"ALEUTIANS EAST",,"AK"
3194,"ALEUTIANS WEST",,"AK"
3195,"ALEXANDRIA CITY",,"VA"
3196,"AMERICAN SAMOA",,"AS"
3197,"ANASCO",,"PR"
3198,"ANCHORAGE",,"AK"
3199,"APACHE",,"AZ"
3200,"ARECIBO",,"PR"
3201,"ARLINGTON",,"VA"
3202,"ARROYO",,"PR"
3203,"BALTIMORE CITY",,"MD"
3204,"BARCELONETA",,"PR"
3205,"BARRANQUITAS",,"PR"
3206,"BAY",,"FL"
3207,"BAYAMON",,"PR"
3208,"BEDFORD CITY",,"VA"
3209,"BERGEN",,"NJ"
3210,"BERNALILLO",,"NM"
3211,"BETHEL",,"AK"
3212,"BREWSTER",,"TX"
3213,"BRISTOL",,"VA"
3214,"BRISTOL BAY",,"AK"
3215,"BRONX",,"NY"
3216,"BROWARD",,"FL"
3217,"BUENA VISTA CITY",,"VA"
3218,"CABO ROJO",,"PR"
3219,"CAGUAS",,"PR"
3220,"CAMDEN",,"GA"
3221,"CAMUY",,"PR"
3222,"CANOVANAS",,"PR"
3223,"CAROLINA",,"PR"
3224,"CARSON CITY",,"NV"
3225,"CATANO",,"PR"
3226,"CATRON",,"NM"
3227,"CAYEY",,"PR"
3228,"CEIBA",,"PR"
3229,"CHAFFEE",,"CO"
3230,"CHARLOTTE",,"FL"
3231,"CHARLOTTESVILLE CITY",,"VA"
3232,"CHESAPEAKE CITY",,"VA"
3233,"CIALES",,"PR"
3234,"CIDRA",,"PR"
3235,"CLATSOP",,"OR"
3236,"CLAY",,"FL"
3237,"CLAYTON",,"GA"
3238,"CLEAR CREEK",,"CO"
3239,"CLIFTON FORGE CITY",,"VA"
3240,"COAMO",,"PR"
3241,"COBB",,"GA"
3242,"COCONINO",,"AZ"
3243,"COLLIER",,"FL"
3244,"COLONIAL HEIGHTS CITY",,"VA"
3245,"COMERIO",,"PR"
3246,"COOSA",,"AL"
3247,"COROZAL",,"PR"
3248,"COVINGTON CITY",,"VA"
3249,"CRANE",,"TX"
3250,"CULEBRA",,"PR"
3251,"CURRY",,"OR"
3252,"DAGGETT",,"UT"
3253,"DANVILLE CITY",,"VA"
3254,"DE BACA",,"NM"
3255,"DE KALB",,"AL"
3256,"DE KALB",,"IL"
3257,"DE SOTO",,"FL"
3258,"DE SOTO",,"MS"
3259,"DE WITT",,"TX"
3260,"DEKALB",,"GA"
3261,"DENALI",,"AK"
3262,"DENVER",,"CO"
3263,"DEWITT",,"IL"
3264,"DILLINGHAM",,"AK"
3265,"DISTRICT OF COLUMBIA",,"DC"
3266,"DORADO",,"PR"
3267,"DU PAGE",,"IL"
3268,"ECTOR",,"TX"
3269,"EMPORIA CITY",,"VA"
3270,"ESMERALDA",,"NV"
3271,"ESSEX",,"NJ"
3272,"FAIRBANKS NORTH STAR",,"AK"
3273,"FAIRFAX",,"VA"
3274,"FAIRFAX CITY",,"VA"
3275,"FAJARDO",,"PR"
3276,"FALLS CHURCH CITY",,"VA"
3277,"FEDERATED STATES OF MICRO",,"FM"
3278,"FLORIDA",,"PR"
3279,"FRANKLIN",,"FL"
3280,"FRANKLIN CITY",,"VA"
3281,"FREDERICKSBURG CITY",,"VA"
3282,"FULTON",,"GA"
3283,"GALAX CITY",,"VA"
3284,"GARLAND",,"AR"
3285,"GILPIN",,"CO"
3286,"GLYNN",,"GA"
3287,"GRAND",,"UT"
3288,"GRANT",,"NE"
3289,"GRANT",,"NM"
3290,"GREGG",,"TX"
3291,"GUAM",,"GU"
3292,"GUANICA",,"PR"
3293,"GUAYAMA",,"PR"
3294,"GUAYANILLA",,"PR"
3295,"GUAYNABO",,"PR"
3296,"GUNNISON",,"CO"
3297,"GURABO",,"PR"
3298,"HAINES",,"AK"
3299,"HAMILTON",,"NY"
3300,"HAMPTON CITY",,"VA"
3301,"HARDEE",,"FL"
3302,"HARLAN",,"KY"
3303,"HARRISONBURG CITY",,"VA"
3304,"HATILLO",,"PR"
3305,"HAWAII",,"HI"
3306,"HILLSBOROUGH",,"FL"
3307,"HINSDALE",,"CO"
3308,"HONOLULU",,"HI"
3309,"HOPEWELL CITY",,"VA"
3310,"HORMIGUEROS",,"PR"
3311,"HUDSON",,"NJ"
3312,"HUMACAO",,"PR"
3313,"INDIAN RIVER",,"FL"
3314,"ISABELA",,"PR"
3315,"JACKSON",,"CO"
3316,"JASPER",,"TX"
3317,"JAYUYA",,"PR"
3318,"JEFFERSON",,"LA"
3319,"JUANA DIAZ",,"PR"
3320,"JUNCOS",,"PR"
3321,"JUNEAU",,"AK"
3322,"KAUAI",,"HI"
3323,"KENAI PENINSULA",,"AK"
3324,"KENEDY",,"TX"
3325,"KETCHIKAN GATEWAY",,"AK"
3326,"KEWEENAW",,"MI"
3327,"KINGS",,"NY"
3328,"KODIAK ISLAND",,"AK"
3329,"LAJAS",,"PR"
3330,"LAKE",,"CA"
3331,"LAKE",,"CO"
3332,"LAKE AND PENINSULA",,"AK"
3333,"LARES",,"PR"
3334,"LAS MARIAS",,"PR"
3335,"LAS PIEDRAS",,"PR"
3336,"LEE",,"FL"
3337,"LESLIE",,"KY"
3338,"LETCHER",,"KY"
3339,"LEXINGTON CITY",,"VA"
3340,"LINCOLN",,"LA"
3341,"LINCOLN",,"MT"
3342,"LINCOLN",,"NM"
3343,"LINCOLN",,"OR"
3344,"LIVINGSTON",,"LA"
3345,"LOIZA",,"PR"
3346,"LOS ALAMOS",,"NM"
3347,"LOVING",,"TX"
3348,"LUQUILLO",,"PR"
3349,"LYNCHBURG CITY",,"VA"
3350,"MANASSAS CITY",,"VA"
3351,"MANASSAS PARK CITY",,"VA"
3352,"MANATI",,"PR"
3353,"MARICAO",,"PR"
3354,"MARION",,"TX"
3355,"MARSHALL ISLANDS",,"MH"
3356,"MARTIN",,"KY"
3357,"MARTINSVILLE CITY",,"VA"
3358,"MATANUSKA SUSITNA",,"AK"
3359,"MAUI",,"HI"
3360,"MAUNABO",,"PR"
3361,"MAYAGUEZ",,"PR"
3362,"MCINTOSH",,"GA"
3363,"MCKINLEY",,"NM"
3364,"MIAMI-DADE",,"FL"
3365,"MINERAL",,"CO"
3366,"MINERAL",,"NV"
3367,"MOCA",,"PR"
3368,"MONROE",,"FL"
3369,"MONTGOMERY",,"AR"
3370,"MONTGOMERY",,"TX"
3371,"MOROVIS",,"PR"
3372,"MUSCOGEE",,"GA"
3373,"NAGUABO",,"PR"
3374,"NANTUCKET",,"MA"
3375,"NARANJITO",,"PR"
3376,"NASSAU",,"NY"
3377,"NAVAJO",,"AZ"
3378,"NEVADA",,"CA"
3379,"NEW YORK",,"NY"
3380,"NEWPORT NEWS CITY",,"VA"
3381,"NEWTON",,"TX"
3382,"NOME",,"AK"
3383,"NORFOLK CITY",,"VA"
3384,"NORTH SLOPE",,"AK"
3385,"NORTHERN MARIANA ISLANDS",,"MP"
3386,"NORTHWEST ARCTIC",,"AK"
3387,"NORTON CITY",,"VA"
3388,"OBRIEN",,"IA"
3389,"ORANGE",,"CA"
3390,"ORANGE",,"FL"
3391,"ORLEANS",,"LA"
3392,"OROCOVIS",,"PR"
3393,"PALAU",,"PW"
3394,"PARK",,"CO"
3395,"PASSAIC",,"NJ"
3396,"PATILLAS",,"PR"
3397,"PAULDING",,"GA"
3398,"PENUELAS",,"PR"
3399,"PETERSBURG CITY",,"VA"
3400,"PHILADELPHIA",,"PA"
3401,"PINELLAS",,"FL"
3402,"PLAQUEMINES",,"LA"
3403,"POLK",,"AR"
3404,"POLK",,"FL"
3405,"PONCE",,"PR"
3406,"POQUOSON CITY",,"VA"
3407,"PORTSMOUTH CITY",,"VA"
3408,"PRINCE GEORGES",,"MD"
3409,"PRINCE WALES KETCHIKAN",,"AK"
3410,"QUEBRADILLAS",,"PR"
3411,"QUEEN ANNES",,"MD"
3412,"QUEENS",,"NY"
3413,"RADFORD",,"VA"
3414,"RICHMOND",,"NY"
3415,"RICHMOND CITY",,"VA"
3416,"RINCON",,"PR"
3417,"RIO GRANDE",,"PR"
3418,"ROANOKE CITY",,"VA"
3419,"ROCKLAND",,"NY"
3420,"SABANA GRANDE",,"PR"
3421,"SABINE",,"LA"
3422,"SAINT BERNARD",,"LA"
3423,"SAINT CHARLES",,"LA"
3424,"SAINT CHARLES",,"MO"
3425,"SAINT CLAIR",,"AL"
3426,"SAINT CLAIR",,"IL"
3427,"SAINT CLAIR",,"MI"
3428,"SAINT CLAIR",,"MO"
3429,"SAINT CROIX",,"VI"
3430,"SAINT CROIX",,"WI"
3431,"SAINT FRANCIS",,"AR"
3432,"SAINT FRANCOIS",,"MO"
3433,"SAINT HELENA",,"LA"
3434,"SAINT JAMES",,"LA"
3435,"SAINT JOHN",,"VI"
3436,"SAINT JOHNS",,"FL"
3437,"SAINT JOSEPH",,"MI"
3438,"SAINT LANDRY",,"LA"
3439,"SAINT LAWRENCE",,"NY"
3440,"SAINT LOUIS",,"MN"
3441,"SAINT LOUIS",,"MO"
3442,"SAINT LOUIS CITY",,"MO"
3443,"SAINT LUCIE",,"FL"
3444,"SAINT MARTIN",,"LA"
3445,"SAINT MARY",,"LA"
3446,"SAINT MARYS",,"MD"
3447,"SAINT TAMMANY",,"LA"
3448,"SAINT THOMAS",,"VI"
3449,"SAINTE GENEVIEVE",,"MO"
3450,"SALEM",,"VA"
3451,"SALINAS",,"PR"
3452,"SAN GERMAN",,"PR"
3453,"SAN JUAN",,"CO"
3454,"SAN JUAN",,"PR"
3455,"SAN LORENZO",,"PR"
3456,"SAN SEBASTIAN",,"PR"
3457,"SANDOVAL",,"NM"
3458,"SANTA CRUZ",,"AZ"
3459,"SANTA ISABEL",,"PR"
3460,"SCOTT",,"AR"
3461,"SEMINOLE",,"FL"
3462,"SHOSHONE",,"ID"
3463,"SITKA",,"AK"
3464,"SKAGWAY HOONAH ANGOON",,"AK"
3465,"SOUTHEAST FAIRBANKS",,"AK"
3466,"ST JOHN THE BAPTIST",,"LA"
3467,"ST JOSEPH",,"IN"
3468,"STAUNTON CITY",,"VA"
3469,"STOREY",,"NV"
3470,"SUFFOLK",,"MA"
3471,"SUFFOLK CITY",,"VA"
3472,"SUMMIT",,"CO"
3473,"TELLER",,"CO"
3474,"TERRELL",,"TX"
3475,"TILLAMOOK",,"OR"
3476,"TOA ALTA",,"PR"
3477,"TOA BAJA",,"PR"
3478,"TRINITY",,"TX"
3479,"TRUJILLO ALTO",,"PR"
3480,"TYLER",,"TX"
3481,"UNION",,"NJ"
3482,"UPSHUR",,"TX"
3483,"UTUADO",,"PR"
3484,"VALDEZ CORDOVA",,"AK"
3485,"VEGA ALTA",,"PR"
3486,"VEGA BAJA",,"PR"
3487,"VIEQUES",,"PR"
3488,"VILLALBA",,"PR"
3489,"VIRGINIA BEACH CITY",,"VA"
3490,"VOLUSIA",,"FL"
3491,"WADE HAMPTON",,"AK"
3492,"WALKER",,"TX"
3493,"WAYNESBORO CITY",,"VA"
3494,"WILLIAMSBURG CITY",,"VA"
3495,"WINCHESTER CITY",,"VA"
3496,"WINKLER",,"TX"
3497,"WRANGELL PETERSBURG",,"AK"
3498,"YABUCOA",,"PR"
3499,"YAKUTAT",,"AK"
3500,"YAUCO",,"PR"
3501,"YUKON KOYUKUK",,"AK"
